
SET FOREIGN_KEY_CHECKS=0;

-- ----------------------------
-- Table structure for `gen_table`
-- ----------------------------
DROP TABLE IF EXISTS `gen_table`;
CREATE TABLE `gen_table` (
  `table_id` bigint NOT NULL AUTO_INCREMENT COMMENT '编号',
  `table_name` varchar(200) DEFAULT '' COMMENT '表名称',
  `table_comment` varchar(500) DEFAULT '' COMMENT '表描述',
  `sub_table_name` varchar(64) DEFAULT NULL COMMENT '关联子表的表名',
  `sub_table_fk_name` varchar(64) DEFAULT NULL COMMENT '子表关联的外键名',
  `class_name` varchar(100) DEFAULT '' COMMENT '实体类名称',
  `tpl_category` varchar(200) DEFAULT 'crud' COMMENT '使用的模板（crud单表操作 tree树表操作）',
  `package_name` varchar(100) DEFAULT NULL COMMENT '生成包路径',
  `module_name` varchar(30) DEFAULT NULL COMMENT '生成模块名',
  `business_name` varchar(30) DEFAULT NULL COMMENT '生成业务名',
  `function_name` varchar(50) DEFAULT NULL COMMENT '生成功能名',
  `function_author` varchar(50) DEFAULT NULL COMMENT '生成功能作者',
  `gen_type` char(1) DEFAULT '0' COMMENT '生成代码方式（0zip压缩包 1自定义路径）',
  `gen_path` varchar(200) DEFAULT '/' COMMENT '生成路径（不填默认项目路径）',
  `options` varchar(1000) DEFAULT NULL COMMENT '其它生成选项',
  `create_by` varchar(64) DEFAULT '' COMMENT '创建者',
  `create_time` datetime DEFAULT NULL COMMENT '创建时间',
  `update_by` varchar(64) DEFAULT '' COMMENT '更新者',
  `update_time` datetime DEFAULT NULL COMMENT '更新时间',
  `remark` varchar(500) DEFAULT NULL COMMENT '备注',
  PRIMARY KEY (`table_id`)
) ENGINE=InnoDB AUTO_INCREMENT=3 DEFAULT CHARSET=utf8mb4 COLLATE=utf8mb4_0900_ai_ci COMMENT='代码生成业务表';

-- ----------------------------
-- Records of gen_table
-- ----------------------------

-- ----------------------------
-- Table structure for `gen_table_column`
-- ----------------------------
DROP TABLE IF EXISTS `gen_table_column`;
CREATE TABLE `gen_table_column` (
  `column_id` bigint NOT NULL AUTO_INCREMENT COMMENT '编号',
  `table_id` bigint DEFAULT NULL COMMENT '归属表编号',
  `column_name` varchar(200) DEFAULT NULL COMMENT '列名称',
  `column_comment` varchar(500) DEFAULT NULL COMMENT '列描述',
  `column_type` varchar(100) DEFAULT NULL COMMENT '列类型',
  `java_type` varchar(500) DEFAULT NULL COMMENT 'JAVA类型',
  `java_field` varchar(200) DEFAULT NULL COMMENT 'JAVA字段名',
  `is_pk` char(1) DEFAULT NULL COMMENT '是否主键（1是）',
  `is_increment` char(1) DEFAULT NULL COMMENT '是否自增（1是）',
  `is_required` char(1) DEFAULT NULL COMMENT '是否必填（1是）',
  `is_insert` char(1) DEFAULT NULL COMMENT '是否为插入字段（1是）',
  `is_edit` char(1) DEFAULT NULL COMMENT '是否编辑字段（1是）',
  `is_list` char(1) DEFAULT NULL COMMENT '是否列表字段（1是）',
  `is_query` char(1) DEFAULT NULL COMMENT '是否查询字段（1是）',
  `query_type` varchar(200) DEFAULT 'EQ' COMMENT '查询方式（等于、不等于、大于、小于、范围）',
  `html_type` varchar(200) DEFAULT NULL COMMENT '显示类型（文本框、文本域、下拉框、复选框、单选框、日期控件）',
  `dict_type` varchar(200) DEFAULT '' COMMENT '字典类型',
  `sort` int DEFAULT NULL COMMENT '排序',
  `create_by` varchar(64) DEFAULT '' COMMENT '创建者',
  `create_time` datetime DEFAULT NULL COMMENT '创建时间',
  `update_by` varchar(64) DEFAULT '' COMMENT '更新者',
  `update_time` datetime DEFAULT NULL COMMENT '更新时间',
  PRIMARY KEY (`column_id`)
) ENGINE=InnoDB AUTO_INCREMENT=21 DEFAULT CHARSET=utf8mb4 COLLATE=utf8mb4_0900_ai_ci COMMENT='代码生成业务表字段';

-- ----------------------------
-- Records of gen_table_column
-- ----------------------------

-- ----------------------------
-- Table structure for `meeting_rooms`
-- ----------------------------
DROP TABLE IF EXISTS `meeting_rooms`;
CREATE TABLE `meeting_rooms` (
  `room_id` bigint NOT NULL AUTO_INCREMENT COMMENT '实验室id',
  `room_name` varchar(50) DEFAULT NULL COMMENT '实验室名称',
  `room_address` varchar(255) DEFAULT NULL COMMENT '实验室地点',
  `room_capacity` int DEFAULT NULL COMMENT '实验室最大容纳人数',
  `amenities` varchar(255) DEFAULT NULL COMMENT '实验室设备设施',
  `is_available` char(1) DEFAULT '0' COMMENT '是否启用,0启用,1不启用',
  `create_time` timestamp NULL DEFAULT CURRENT_TIMESTAMP COMMENT '创建时间',
  `update_time` timestamp NULL DEFAULT CURRENT_TIMESTAMP ON UPDATE CURRENT_TIMESTAMP,
  `room_image` varchar(255) DEFAULT NULL COMMENT '实验室图片',
  `dept_id` bigint DEFAULT NULL COMMENT '部门id',
  `is_deleted` tinyint DEFAULT '0' COMMENT '逻辑删除 0启用 1 删除',
  PRIMARY KEY (`room_id`)
) ENGINE=InnoDB AUTO_INCREMENT=27 DEFAULT CHARSET=utf8mb4 COLLATE=utf8mb4_0900_ai_ci;

-- ----------------------------
-- Records of meeting_rooms
-- ----------------------------

-- ----------------------------
-- Table structure for `meeting_rooms_admin`
-- ----------------------------
DROP TABLE IF EXISTS `meeting_rooms_admin`;
CREATE TABLE `meeting_rooms_admin` (
  `id` bigint NOT NULL AUTO_INCREMENT,
  `room_id` bigint NOT NULL COMMENT '实验室id',
  `admin_id` bigint NOT NULL COMMENT '管理员账户id',
  PRIMARY KEY (`id`)
) ENGINE=InnoDB AUTO_INCREMENT=24 DEFAULT CHARSET=utf8mb4 COLLATE=utf8mb4_0900_ai_ci;

-- ----------------------------
-- Records of meeting_rooms_admin
-- ----------------------------

-- ----------------------------
-- Table structure for `meeting_rooms_bookings`
-- ----------------------------
DROP TABLE IF EXISTS `meeting_rooms_bookings`;
CREATE TABLE `meeting_rooms_bookings` (
  `booking_id` bigint NOT NULL AUTO_INCREMENT,
  `room_id` bigint NOT NULL COMMENT '实验室id',
  `create_user_id` bigint NOT NULL COMMENT '创建用户id',
  `start_time` timestamp NOT NULL COMMENT '预约开始时间',
  `end_time` timestamp NOT NULL COMMENT '预约结束时间',
  `purpose` varchar(255) DEFAULT NULL COMMENT '预约目的',
  `description` text COMMENT '预约详细描述',
  `reminder` varchar(255) DEFAULT NULL COMMENT '提醒信息',
  `create_time` timestamp NULL DEFAULT CURRENT_TIMESTAMP,
  `update_time` timestamp NULL DEFAULT CURRENT_TIMESTAMP ON UPDATE CURRENT_TIMESTAMP,
  PRIMARY KEY (`booking_id`)
) ENGINE=InnoDB AUTO_INCREMENT=59 DEFAULT CHARSET=utf8mb4 COLLATE=utf8mb4_0900_ai_ci;

-- ----------------------------
-- Records of meeting_rooms_bookings
-- ----------------------------

-- ----------------------------
-- Table structure for `meeting_rooms_bookings_user`
-- ----------------------------
DROP TABLE IF EXISTS `meeting_rooms_bookings_user`;
CREATE TABLE `meeting_rooms_bookings_user` (
  `id` bigint NOT NULL AUTO_INCREMENT,
  `booking_id` bigint NOT NULL,
  `user_id` bigint NOT NULL COMMENT '预定实验室关联用户',
  PRIMARY KEY (`id`)
) ENGINE=InnoDB AUTO_INCREMENT=193 DEFAULT CHARSET=utf8mb4 COLLATE=utf8mb4_0900_ai_ci;

-- ----------------------------
-- Records of meeting_rooms_bookings_user
-- ----------------------------

-- ----------------------------
-- Table structure for `meeting_rooms_repair`
-- ----------------------------
DROP TABLE IF EXISTS `meeting_rooms_repair`;
CREATE TABLE `meeting_rooms_repair` (
  `repair_id` bigint NOT NULL AUTO_INCREMENT,
  `user_id` bigint NOT NULL COMMENT '报修人员的id',
  `room_id` bigint NOT NULL COMMENT '实验室编号',
  `repair_text` varchar(255) DEFAULT NULL COMMENT '报修详细描述',
  `status` char(1) DEFAULT '0' COMMENT '报修状态 0---->待处理 1---->处理中 2----->已完成',
  `repair_date` timestamp NULL DEFAULT CURRENT_TIMESTAMP COMMENT '报修时间',
  `update_time` timestamp NULL DEFAULT CURRENT_TIMESTAMP ON UPDATE CURRENT_TIMESTAMP,
  `completion_date` date DEFAULT NULL COMMENT '报修完成时间',
  `remark` varchar(255) DEFAULT NULL COMMENT '报修完成时留言',
  PRIMARY KEY (`repair_id`)
) ENGINE=InnoDB AUTO_INCREMENT=14 DEFAULT CHARSET=utf8mb4 COLLATE=utf8mb4_0900_ai_ci;

-- ----------------------------
-- Records of meeting_rooms_repair
-- ----------------------------

-- ----------------------------
-- Table structure for `qrtz_blob_triggers`
-- ----------------------------
DROP TABLE IF EXISTS `qrtz_blob_triggers`;
CREATE TABLE `qrtz_blob_triggers` (
  `sched_name` varchar(120) NOT NULL COMMENT '调度名称',
  `trigger_name` varchar(200) NOT NULL COMMENT 'qrtz_triggers表trigger_name的外键',
  `trigger_group` varchar(200) NOT NULL COMMENT 'qrtz_triggers表trigger_group的外键',
  `blob_data` blob COMMENT '存放持久化Trigger对象',
  PRIMARY KEY (`sched_name`,`trigger_name`,`trigger_group`),
  CONSTRAINT `qrtz_blob_triggers_ibfk_1` FOREIGN KEY (`sched_name`, `trigger_name`, `trigger_group`) REFERENCES `qrtz_triggers` (`sched_name`, `trigger_name`, `trigger_group`)
) ENGINE=InnoDB DEFAULT CHARSET=utf8mb4 COLLATE=utf8mb4_0900_ai_ci COMMENT='Blob类型的触发器表';

-- ----------------------------
-- Records of qrtz_blob_triggers
-- ----------------------------

-- ----------------------------
-- Table structure for `qrtz_calendars`
-- ----------------------------
DROP TABLE IF EXISTS `qrtz_calendars`;
CREATE TABLE `qrtz_calendars` (
  `sched_name` varchar(120) NOT NULL COMMENT '调度名称',
  `calendar_name` varchar(200) NOT NULL COMMENT '日历名称',
  `calendar` blob NOT NULL COMMENT '存放持久化calendar对象',
  PRIMARY KEY (`sched_name`,`calendar_name`)
) ENGINE=InnoDB DEFAULT CHARSET=utf8mb4 COLLATE=utf8mb4_0900_ai_ci COMMENT='日历信息表';

-- ----------------------------
-- Records of qrtz_calendars
-- ----------------------------

-- ----------------------------
-- Table structure for `qrtz_cron_triggers`
-- ----------------------------
DROP TABLE IF EXISTS `qrtz_cron_triggers`;
CREATE TABLE `qrtz_cron_triggers` (
  `sched_name` varchar(120) NOT NULL COMMENT '调度名称',
  `trigger_name` varchar(200) NOT NULL COMMENT 'qrtz_triggers表trigger_name的外键',
  `trigger_group` varchar(200) NOT NULL COMMENT 'qrtz_triggers表trigger_group的外键',
  `cron_expression` varchar(200) NOT NULL COMMENT 'cron表达式',
  `time_zone_id` varchar(80) DEFAULT NULL COMMENT '时区',
  PRIMARY KEY (`sched_name`,`trigger_name`,`trigger_group`),
  CONSTRAINT `qrtz_cron_triggers_ibfk_1` FOREIGN KEY (`sched_name`, `trigger_name`, `trigger_group`) REFERENCES `qrtz_triggers` (`sched_name`, `trigger_name`, `trigger_group`)
) ENGINE=InnoDB DEFAULT CHARSET=utf8mb4 COLLATE=utf8mb4_0900_ai_ci COMMENT='Cron类型的触发器表';

-- ----------------------------
-- Records of qrtz_cron_triggers
-- ----------------------------

-- ----------------------------
-- Table structure for `qrtz_fired_triggers`
-- ----------------------------
DROP TABLE IF EXISTS `qrtz_fired_triggers`;
CREATE TABLE `qrtz_fired_triggers` (
  `sched_name` varchar(120) NOT NULL COMMENT '调度名称',
  `entry_id` varchar(95) NOT NULL COMMENT '调度器实例id',
  `trigger_name` varchar(200) NOT NULL COMMENT 'qrtz_triggers表trigger_name的外键',
  `trigger_group` varchar(200) NOT NULL COMMENT 'qrtz_triggers表trigger_group的外键',
  `instance_name` varchar(200) NOT NULL COMMENT '调度器实例名',
  `fired_time` bigint NOT NULL COMMENT '触发的时间',
  `sched_time` bigint NOT NULL COMMENT '定时器制定的时间',
  `priority` int NOT NULL COMMENT '优先级',
  `state` varchar(16) NOT NULL COMMENT '状态',
  `job_name` varchar(200) DEFAULT NULL COMMENT '任务名称',
  `job_group` varchar(200) DEFAULT NULL COMMENT '任务组名',
  `is_nonconcurrent` varchar(1) DEFAULT NULL COMMENT '是否并发',
  `requests_recovery` varchar(1) DEFAULT NULL COMMENT '是否接受恢复执行',
  PRIMARY KEY (`sched_name`,`entry_id`)
) ENGINE=InnoDB DEFAULT CHARSET=utf8mb4 COLLATE=utf8mb4_0900_ai_ci COMMENT='已触发的触发器表';

-- ----------------------------
-- Records of qrtz_fired_triggers
-- ----------------------------

-- ----------------------------
-- Table structure for `qrtz_job_details`
-- ----------------------------
DROP TABLE IF EXISTS `qrtz_job_details`;
CREATE TABLE `qrtz_job_details` (
  `sched_name` varchar(120) NOT NULL COMMENT '调度名称',
  `job_name` varchar(200) NOT NULL COMMENT '任务名称',
  `job_group` varchar(200) NOT NULL COMMENT '任务组名',
  `description` varchar(250) DEFAULT NULL COMMENT '相关介绍',
  `job_class_name` varchar(250) NOT NULL COMMENT '执行任务类名称',
  `is_durable` varchar(1) NOT NULL COMMENT '是否持久化',
  `is_nonconcurrent` varchar(1) NOT NULL COMMENT '是否并发',
  `is_update_data` varchar(1) NOT NULL COMMENT '是否更新数据',
  `requests_recovery` varchar(1) NOT NULL COMMENT '是否接受恢复执行',
  `job_data` blob COMMENT '存放持久化job对象',
  PRIMARY KEY (`sched_name`,`job_name`,`job_group`)
) ENGINE=InnoDB DEFAULT CHARSET=utf8mb4 COLLATE=utf8mb4_0900_ai_ci COMMENT='任务详细信息表';

-- ----------------------------
-- Records of qrtz_job_details
-- ----------------------------

-- ----------------------------
-- Table structure for `qrtz_locks`
-- ----------------------------
DROP TABLE IF EXISTS `qrtz_locks`;
CREATE TABLE `qrtz_locks` (
  `sched_name` varchar(120) NOT NULL COMMENT '调度名称',
  `lock_name` varchar(40) NOT NULL COMMENT '悲观锁名称',
  PRIMARY KEY (`sched_name`,`lock_name`)
) ENGINE=InnoDB DEFAULT CHARSET=utf8mb4 COLLATE=utf8mb4_0900_ai_ci COMMENT='存储的悲观锁信息表';

-- ----------------------------
-- Records of qrtz_locks
-- ----------------------------

-- ----------------------------
-- Table structure for `qrtz_paused_trigger_grps`
-- ----------------------------
DROP TABLE IF EXISTS `qrtz_paused_trigger_grps`;
CREATE TABLE `qrtz_paused_trigger_grps` (
  `sched_name` varchar(120) NOT NULL COMMENT '调度名称',
  `trigger_group` varchar(200) NOT NULL COMMENT 'qrtz_triggers表trigger_group的外键',
  PRIMARY KEY (`sched_name`,`trigger_group`)
) ENGINE=InnoDB DEFAULT CHARSET=utf8mb4 COLLATE=utf8mb4_0900_ai_ci COMMENT='暂停的触发器表';

-- ----------------------------
-- Records of qrtz_paused_trigger_grps
-- ----------------------------

-- ----------------------------
-- Table structure for `qrtz_scheduler_state`
-- ----------------------------
DROP TABLE IF EXISTS `qrtz_scheduler_state`;
CREATE TABLE `qrtz_scheduler_state` (
  `sched_name` varchar(120) NOT NULL COMMENT '调度名称',
  `instance_name` varchar(200) NOT NULL COMMENT '实例名称',
  `last_checkin_time` bigint NOT NULL COMMENT '上次检查时间',
  `checkin_interval` bigint NOT NULL COMMENT '检查间隔时间',
  PRIMARY KEY (`sched_name`,`instance_name`)
) ENGINE=InnoDB DEFAULT CHARSET=utf8mb4 COLLATE=utf8mb4_0900_ai_ci COMMENT='调度器状态表';

-- ----------------------------
-- Records of qrtz_scheduler_state
-- ----------------------------

-- ----------------------------
-- Table structure for `qrtz_simple_triggers`
-- ----------------------------
DROP TABLE IF EXISTS `qrtz_simple_triggers`;
CREATE TABLE `qrtz_simple_triggers` (
  `sched_name` varchar(120) NOT NULL COMMENT '调度名称',
  `trigger_name` varchar(200) NOT NULL COMMENT 'qrtz_triggers表trigger_name的外键',
  `trigger_group` varchar(200) NOT NULL COMMENT 'qrtz_triggers表trigger_group的外键',
  `repeat_count` bigint NOT NULL COMMENT '重复的次数统计',
  `repeat_interval` bigint NOT NULL COMMENT '重复的间隔时间',
  `times_triggered` bigint NOT NULL COMMENT '已经触发的次数',
  PRIMARY KEY (`sched_name`,`trigger_name`,`trigger_group`),
  CONSTRAINT `qrtz_simple_triggers_ibfk_1` FOREIGN KEY (`sched_name`, `trigger_name`, `trigger_group`) REFERENCES `qrtz_triggers` (`sched_name`, `trigger_name`, `trigger_group`)
) ENGINE=InnoDB DEFAULT CHARSET=utf8mb4 COLLATE=utf8mb4_0900_ai_ci COMMENT='简单触发器的信息表';

-- ----------------------------
-- Records of qrtz_simple_triggers
-- ----------------------------

-- ----------------------------
-- Table structure for `qrtz_simprop_triggers`
-- ----------------------------
DROP TABLE IF EXISTS `qrtz_simprop_triggers`;
CREATE TABLE `qrtz_simprop_triggers` (
  `sched_name` varchar(120) NOT NULL COMMENT '调度名称',
  `trigger_name` varchar(200) NOT NULL COMMENT 'qrtz_triggers表trigger_name的外键',
  `trigger_group` varchar(200) NOT NULL COMMENT 'qrtz_triggers表trigger_group的外键',
  `str_prop_1` varchar(512) DEFAULT NULL COMMENT 'String类型的trigger的第一个参数',
  `str_prop_2` varchar(512) DEFAULT NULL COMMENT 'String类型的trigger的第二个参数',
  `str_prop_3` varchar(512) DEFAULT NULL COMMENT 'String类型的trigger的第三个参数',
  `int_prop_1` int DEFAULT NULL COMMENT 'int类型的trigger的第一个参数',
  `int_prop_2` int DEFAULT NULL COMMENT 'int类型的trigger的第二个参数',
  `long_prop_1` bigint DEFAULT NULL COMMENT 'long类型的trigger的第一个参数',
  `long_prop_2` bigint DEFAULT NULL COMMENT 'long类型的trigger的第二个参数',
  `dec_prop_1` decimal(13,4) DEFAULT NULL COMMENT 'decimal类型的trigger的第一个参数',
  `dec_prop_2` decimal(13,4) DEFAULT NULL COMMENT 'decimal类型的trigger的第二个参数',
  `bool_prop_1` varchar(1) DEFAULT NULL COMMENT 'Boolean类型的trigger的第一个参数',
  `bool_prop_2` varchar(1) DEFAULT NULL COMMENT 'Boolean类型的trigger的第二个参数',
  PRIMARY KEY (`sched_name`,`trigger_name`,`trigger_group`),
  CONSTRAINT `qrtz_simprop_triggers_ibfk_1` FOREIGN KEY (`sched_name`, `trigger_name`, `trigger_group`) REFERENCES `qrtz_triggers` (`sched_name`, `trigger_name`, `trigger_group`)
) ENGINE=InnoDB DEFAULT CHARSET=utf8mb4 COLLATE=utf8mb4_0900_ai_ci COMMENT='同步机制的行锁表';

-- ----------------------------
-- Records of qrtz_simprop_triggers
-- ----------------------------

-- ----------------------------
-- Table structure for `qrtz_triggers`
-- ----------------------------
DROP TABLE IF EXISTS `qrtz_triggers`;
CREATE TABLE `qrtz_triggers` (
  `sched_name` varchar(120) NOT NULL COMMENT '调度名称',
  `trigger_name` varchar(200) NOT NULL COMMENT '触发器的名字',
  `trigger_group` varchar(200) NOT NULL COMMENT '触发器所属组的名字',
  `job_name` varchar(200) NOT NULL COMMENT 'qrtz_job_details表job_name的外键',
  `job_group` varchar(200) NOT NULL COMMENT 'qrtz_job_details表job_group的外键',
  `description` varchar(250) DEFAULT NULL COMMENT '相关介绍',
  `next_fire_time` bigint DEFAULT NULL COMMENT '上一次触发时间（毫秒）',
  `prev_fire_time` bigint DEFAULT NULL COMMENT '下一次触发时间（默认为-1表示不触发）',
  `priority` int DEFAULT NULL COMMENT '优先级',
  `trigger_state` varchar(16) NOT NULL COMMENT '触发器状态',
  `trigger_type` varchar(8) NOT NULL COMMENT '触发器的类型',
  `start_time` bigint NOT NULL COMMENT '开始时间',
  `end_time` bigint DEFAULT NULL COMMENT '结束时间',
  `calendar_name` varchar(200) DEFAULT NULL COMMENT '日程表名称',
  `misfire_instr` smallint DEFAULT NULL COMMENT '补偿执行的策略',
  `job_data` blob COMMENT '存放持久化job对象',
  PRIMARY KEY (`sched_name`,`trigger_name`,`trigger_group`),
  KEY `sched_name` (`sched_name`,`job_name`,`job_group`),
  CONSTRAINT `qrtz_triggers_ibfk_1` FOREIGN KEY (`sched_name`, `job_name`, `job_group`) REFERENCES `qrtz_job_details` (`sched_name`, `job_name`, `job_group`)
) ENGINE=InnoDB DEFAULT CHARSET=utf8mb4 COLLATE=utf8mb4_0900_ai_ci COMMENT='触发器详细信息表';

-- ----------------------------
-- Records of qrtz_triggers
-- ----------------------------

-- ----------------------------
-- Table structure for `repair_status_change_history`
-- ----------------------------
DROP TABLE IF EXISTS `repair_status_change_history`;
CREATE TABLE `repair_status_change_history` (
  `change_id` bigint NOT NULL AUTO_INCREMENT,
  `repair_id` bigint NOT NULL COMMENT '报修号',
  `previous_status` char(1) NOT NULL COMMENT '变更前状态',
  `current_status` char(1) NOT NULL COMMENT '变更后状态',
  `change_date` timestamp NOT NULL DEFAULT CURRENT_TIMESTAMP COMMENT '状态变更日期',
  `changed_by` bigint NOT NULL COMMENT '状态变更人id',
  PRIMARY KEY (`change_id`)
) ENGINE=InnoDB AUTO_INCREMENT=18 DEFAULT CHARSET=utf8mb4 COLLATE=utf8mb4_0900_ai_ci;

-- ----------------------------
-- Records of repair_status_change_history
-- ----------------------------

-- ----------------------------
-- Table structure for `sys_config`
-- ----------------------------
DROP TABLE IF EXISTS `sys_config`;
CREATE TABLE `sys_config` (
  `config_id` int NOT NULL AUTO_INCREMENT COMMENT '参数主键',
  `config_name` varchar(100) DEFAULT '' COMMENT '参数名称',
  `config_key` varchar(100) DEFAULT '' COMMENT '参数键名',
  `config_value` varchar(500) DEFAULT '' COMMENT '参数键值',
  `config_type` char(1) DEFAULT 'N' COMMENT '系统内置（Y是 N否）',
  `create_by` varchar(64) DEFAULT '' COMMENT '创建者',
  `create_time` datetime DEFAULT NULL COMMENT '创建时间',
  `update_by` varchar(64) DEFAULT '' COMMENT '更新者',
  `update_time` datetime DEFAULT NULL COMMENT '更新时间',
  `remark` varchar(500) DEFAULT NULL COMMENT '备注',
  PRIMARY KEY (`config_id`)
) ENGINE=InnoDB AUTO_INCREMENT=100 DEFAULT CHARSET=utf8mb4 COLLATE=utf8mb4_0900_ai_ci COMMENT='参数配置表';

-- ----------------------------
-- Records of sys_config
-- ----------------------------
INSERT INTO `sys_config` VALUES ('1', '主框架页-默认皮肤样式名称', 'sys.index.skinName', 'skin-blue', 'Y', 'admin', '2023-07-14 15:39:23', '', null, '蓝色 skin-blue、绿色 skin-green、紫色 skin-purple、红色 skin-red、黄色 skin-yellow');
INSERT INTO `sys_config` VALUES ('2', '用户管理-账号初始密码', 'sys.user.initPassword', '123456', 'Y', 'admin', '2023-07-14 15:39:23', '', null, '初始化密码 123456');
INSERT INTO `sys_config` VALUES ('3', '主框架页-侧边栏主题', 'sys.index.sideTheme', 'theme-dark', 'Y', 'admin', '2023-07-14 15:39:23', '', null, '深色主题theme-dark，浅色主题theme-light');
INSERT INTO `sys_config` VALUES ('4', '账号自助-验证码开关', 'sys.account.captchaEnabled', 'true', 'Y', 'admin', '2023-07-14 15:39:23', '', null, '是否开启验证码功能（true开启，false关闭）');
INSERT INTO `sys_config` VALUES ('5', '账号自助-是否开启用户注册功能', 'sys.account.registerUser', 'false', 'Y', 'admin', '2023-07-14 15:39:23', '', null, '是否开启注册用户功能（true开启，false关闭）');
INSERT INTO `sys_config` VALUES ('6', '用户登录-黑名单列表', 'sys.login.blackIPList', '‘’', 'Y', 'admin', '2023-07-14 15:39:23', 'admin', '2023-07-14 16:07:31', '设置登录IP黑名单限制，多个匹配项以;分隔，支持匹配（*通配、网段）');

-- ----------------------------
-- Table structure for `sys_dept`
-- ----------------------------
DROP TABLE IF EXISTS `sys_dept`;
CREATE TABLE `sys_dept` (
  `dept_id` bigint NOT NULL AUTO_INCREMENT COMMENT '部门id',
  `parent_id` bigint DEFAULT '0' COMMENT '父部门id',
  `ancestors` varchar(50) DEFAULT '' COMMENT '祖级列表',
  `dept_name` varchar(30) DEFAULT '' COMMENT '部门名称',
  `order_num` int DEFAULT '0' COMMENT '显示顺序',
  `leader` varchar(20) DEFAULT NULL COMMENT '负责人',
  `phone` varchar(11) DEFAULT NULL COMMENT '联系电话',
  `email` varchar(50) DEFAULT NULL COMMENT '邮箱',
  `status` char(1) DEFAULT '0' COMMENT '部门状态（0正常 1停用）',
  `del_flag` char(1) DEFAULT '0' COMMENT '删除标志（0代表存在 2代表删除）',
  `create_by` varchar(64) DEFAULT '' COMMENT '创建者',
  `create_time` datetime DEFAULT NULL COMMENT '创建时间',
  `update_by` varchar(64) DEFAULT '' COMMENT '更新者',
  `update_time` datetime DEFAULT NULL COMMENT '更新时间',
  PRIMARY KEY (`dept_id`)
) ENGINE=InnoDB AUTO_INCREMENT=202 DEFAULT CHARSET=utf8mb4 COLLATE=utf8mb4_0900_ai_ci COMMENT='部门表';

-- ----------------------------
-- Records of sys_dept
-- ----------------------------
INSERT INTO `sys_dept` VALUES ('100', '0', '0', 'XXXX科技', '0', '张三', '15888888888', 'ry@qq.com', '0', '0', 'admin', '2023-07-14 15:39:23', 'admin', '2023-07-14 17:12:12');
INSERT INTO `sys_dept` VALUES ('101', '100', '0,100', '深圳总公司', '1', '若依', '15888888888', 'ry@qq.com', '0', '0', 'admin', '2023-07-14 15:39:23', '', null);
INSERT INTO `sys_dept` VALUES ('102', '100', '0,100', '长沙分公司', '2', '若依', '15888888888', 'ry@qq.com', '0', '0', 'admin', '2023-07-14 15:39:23', '', null);
INSERT INTO `sys_dept` VALUES ('103', '101', '0,100,101', '研发部门', '1', '若依', '15888888888', 'ry@qq.com', '0', '0', 'admin', '2023-07-14 15:39:23', '', null);
INSERT INTO `sys_dept` VALUES ('104', '101', '0,100,101', '市场部门', '2', '若依', '15888888888', 'ry@qq.com', '0', '0', 'admin', '2023-07-14 15:39:23', '', null);
INSERT INTO `sys_dept` VALUES ('105', '101', '0,100,101', '测试部门', '3', '若依', '15888888888', 'ry@qq.com', '0', '0', 'admin', '2023-07-14 15:39:23', '', null);
INSERT INTO `sys_dept` VALUES ('106', '101', '0,100,101', '财务部门', '4', '若依', '15888888888', 'ry@qq.com', '0', '0', 'admin', '2023-07-14 15:39:23', '', null);
INSERT INTO `sys_dept` VALUES ('107', '101', '0,100,101', '运维部门', '5', '若依', '15888888888', 'ry@qq.com', '0', '0', 'admin', '2023-07-14 15:39:23', '', null);
INSERT INTO `sys_dept` VALUES ('108', '102', '0,100,102', '市场部门', '1', '若依', '15888888888', 'ry@qq.com', '0', '0', 'admin', '2023-07-14 15:39:23', '', null);
INSERT INTO `sys_dept` VALUES ('109', '102', '0,100,102', '财务部门', '2', '若依', '15888888888', 'ry@qq.com', '0', '0', 'admin', '2023-07-14 15:39:23', '', null);
INSERT INTO `sys_dept` VALUES ('200', '100', '0,100', '云南分公司', '3', '张三', '13456789001', '123@qq.com', '0', '0', 'admin', '2023-07-17 14:09:47', '', null);
INSERT INTO `sys_dept` VALUES ('201', '200', '0,100,200', '市场部门', '0', '张三', '13456789001', '123@qq.com', '0', '0', 'admin', '2023-07-17 14:10:10', '', null);

-- ----------------------------
-- Table structure for `sys_dict_data`
-- ----------------------------
DROP TABLE IF EXISTS `sys_dict_data`;
CREATE TABLE `sys_dict_data` (
  `dict_code` bigint NOT NULL AUTO_INCREMENT COMMENT '字典编码',
  `dict_sort` int DEFAULT '0' COMMENT '字典排序',
  `dict_label` varchar(100) DEFAULT '' COMMENT '字典标签',
  `dict_value` varchar(100) DEFAULT '' COMMENT '字典键值',
  `dict_type` varchar(100) DEFAULT '' COMMENT '字典类型',
  `css_class` varchar(100) DEFAULT NULL COMMENT '样式属性（其他样式扩展）',
  `list_class` varchar(100) DEFAULT NULL COMMENT '表格回显样式',
  `is_default` char(1) DEFAULT 'N' COMMENT '是否默认（Y是 N否）',
  `status` char(1) DEFAULT '0' COMMENT '状态（0正常 1停用）',
  `create_by` varchar(64) DEFAULT '' COMMENT '创建者',
  `create_time` datetime DEFAULT NULL COMMENT '创建时间',
  `update_by` varchar(64) DEFAULT '' COMMENT '更新者',
  `update_time` datetime DEFAULT NULL COMMENT '更新时间',
  `remark` varchar(500) DEFAULT NULL COMMENT '备注',
  PRIMARY KEY (`dict_code`)
) ENGINE=InnoDB AUTO_INCREMENT=100 DEFAULT CHARSET=utf8mb4 COLLATE=utf8mb4_0900_ai_ci COMMENT='字典数据表';

-- ----------------------------
-- Records of sys_dict_data
-- ----------------------------
INSERT INTO `sys_dict_data` VALUES ('1', '1', '男', '0', 'sys_user_sex', '', '', 'Y', '0', 'admin', '2023-07-14 15:39:23', '', null, '性别男');
INSERT INTO `sys_dict_data` VALUES ('2', '2', '女', '1', 'sys_user_sex', '', '', 'N', '0', 'admin', '2023-07-14 15:39:23', '', null, '性别女');
INSERT INTO `sys_dict_data` VALUES ('3', '3', '未知', '2', 'sys_user_sex', '', '', 'N', '0', 'admin', '2023-07-14 15:39:23', '', null, '性别未知');
INSERT INTO `sys_dict_data` VALUES ('4', '1', '显示', '0', 'sys_show_hide', '', 'primary', 'Y', '0', 'admin', '2023-07-14 15:39:23', '', null, '显示菜单');
INSERT INTO `sys_dict_data` VALUES ('5', '2', '隐藏', '1', 'sys_show_hide', '', 'danger', 'N', '0', 'admin', '2023-07-14 15:39:23', '', null, '隐藏菜单');
INSERT INTO `sys_dict_data` VALUES ('6', '1', '正常', '0', 'sys_normal_disable', '', 'primary', 'Y', '0', 'admin', '2023-07-14 15:39:23', '', null, '正常状态');
INSERT INTO `sys_dict_data` VALUES ('7', '2', '停用', '1', 'sys_normal_disable', '', 'danger', 'N', '0', 'admin', '2023-07-14 15:39:23', '', null, '停用状态');
INSERT INTO `sys_dict_data` VALUES ('8', '1', '正常', '0', 'sys_job_status', '', 'primary', 'Y', '0', 'admin', '2023-07-14 15:39:23', '', null, '正常状态');
INSERT INTO `sys_dict_data` VALUES ('9', '2', '暂停', '1', 'sys_job_status', '', 'danger', 'N', '0', 'admin', '2023-07-14 15:39:23', '', null, '停用状态');
INSERT INTO `sys_dict_data` VALUES ('10', '1', '默认', 'DEFAULT', 'sys_job_group', '', '', 'Y', '0', 'admin', '2023-07-14 15:39:23', '', null, '默认分组');
INSERT INTO `sys_dict_data` VALUES ('11', '2', '系统', 'SYSTEM', 'sys_job_group', '', '', 'N', '0', 'admin', '2023-07-14 15:39:23', '', null, '系统分组');
INSERT INTO `sys_dict_data` VALUES ('12', '1', '是', 'Y', 'sys_yes_no', '', 'primary', 'Y', '0', 'admin', '2023-07-14 15:39:23', '', null, '系统默认是');
INSERT INTO `sys_dict_data` VALUES ('13', '2', '否', 'N', 'sys_yes_no', '', 'danger', 'N', '0', 'admin', '2023-07-14 15:39:23', '', null, '系统默认否');
INSERT INTO `sys_dict_data` VALUES ('14', '1', '通知', '1', 'sys_notice_type', '', 'warning', 'Y', '0', 'admin', '2023-07-14 15:39:23', '', null, '通知');
INSERT INTO `sys_dict_data` VALUES ('15', '2', '公告', '2', 'sys_notice_type', '', 'success', 'N', '0', 'admin', '2023-07-14 15:39:23', '', null, '公告');
INSERT INTO `sys_dict_data` VALUES ('16', '1', '正常', '0', 'sys_notice_status', '', 'primary', 'Y', '0', 'admin', '2023-07-14 15:39:23', '', null, '正常状态');
INSERT INTO `sys_dict_data` VALUES ('17', '2', '关闭', '1', 'sys_notice_status', '', 'danger', 'N', '0', 'admin', '2023-07-14 15:39:23', '', null, '关闭状态');
INSERT INTO `sys_dict_data` VALUES ('18', '99', '其他', '0', 'sys_oper_type', '', 'info', 'N', '0', 'admin', '2023-07-14 15:39:23', '', null, '其他操作');
INSERT INTO `sys_dict_data` VALUES ('19', '1', '新增', '1', 'sys_oper_type', '', 'info', 'N', '0', 'admin', '2023-07-14 15:39:23', '', null, '新增操作');
INSERT INTO `sys_dict_data` VALUES ('20', '2', '修改', '2', 'sys_oper_type', '', 'info', 'N', '0', 'admin', '2023-07-14 15:39:23', '', null, '修改操作');
INSERT INTO `sys_dict_data` VALUES ('21', '3', '删除', '3', 'sys_oper_type', '', 'danger', 'N', '0', 'admin', '2023-07-14 15:39:23', '', null, '删除操作');
INSERT INTO `sys_dict_data` VALUES ('22', '4', '授权', '4', 'sys_oper_type', '', 'primary', 'N', '0', 'admin', '2023-07-14 15:39:23', '', null, '授权操作');
INSERT INTO `sys_dict_data` VALUES ('23', '5', '导出', '5', 'sys_oper_type', '', 'warning', 'N', '0', 'admin', '2023-07-14 15:39:23', '', null, '导出操作');
INSERT INTO `sys_dict_data` VALUES ('24', '6', '导入', '6', 'sys_oper_type', '', 'warning', 'N', '0', 'admin', '2023-07-14 15:39:23', '', null, '导入操作');
INSERT INTO `sys_dict_data` VALUES ('25', '7', '强退', '7', 'sys_oper_type', '', 'danger', 'N', '0', 'admin', '2023-07-14 15:39:23', '', null, '强退操作');
INSERT INTO `sys_dict_data` VALUES ('26', '8', '生成代码', '8', 'sys_oper_type', '', 'warning', 'N', '0', 'admin', '2023-07-14 15:39:23', '', null, '生成操作');
INSERT INTO `sys_dict_data` VALUES ('27', '9', '清空数据', '9', 'sys_oper_type', '', 'danger', 'N', '0', 'admin', '2023-07-14 15:39:23', '', null, '清空操作');
INSERT INTO `sys_dict_data` VALUES ('28', '1', '成功', '0', 'sys_common_status', '', 'primary', 'N', '0', 'admin', '2023-07-14 15:39:23', '', null, '正常状态');
INSERT INTO `sys_dict_data` VALUES ('29', '2', '失败', '1', 'sys_common_status', '', 'danger', 'N', '0', 'admin', '2023-07-14 15:39:23', '', null, '停用状态');

-- ----------------------------
-- Table structure for `sys_dict_type`
-- ----------------------------
DROP TABLE IF EXISTS `sys_dict_type`;
CREATE TABLE `sys_dict_type` (
  `dict_id` bigint NOT NULL AUTO_INCREMENT COMMENT '字典主键',
  `dict_name` varchar(100) DEFAULT '' COMMENT '字典名称',
  `dict_type` varchar(100) DEFAULT '' COMMENT '字典类型',
  `status` char(1) DEFAULT '0' COMMENT '状态（0正常 1停用）',
  `create_by` varchar(64) DEFAULT '' COMMENT '创建者',
  `create_time` datetime DEFAULT NULL COMMENT '创建时间',
  `update_by` varchar(64) DEFAULT '' COMMENT '更新者',
  `update_time` datetime DEFAULT NULL COMMENT '更新时间',
  `remark` varchar(500) DEFAULT NULL COMMENT '备注',
  PRIMARY KEY (`dict_id`),
  UNIQUE KEY `dict_type` (`dict_type`)
) ENGINE=InnoDB AUTO_INCREMENT=100 DEFAULT CHARSET=utf8mb4 COLLATE=utf8mb4_0900_ai_ci COMMENT='字典类型表';

-- ----------------------------
-- Records of sys_dict_type
-- ----------------------------
INSERT INTO `sys_dict_type` VALUES ('1', '用户性别', 'sys_user_sex', '0', 'admin', '2023-07-14 15:39:23', '', null, '用户性别列表');
INSERT INTO `sys_dict_type` VALUES ('2', '菜单状态', 'sys_show_hide', '0', 'admin', '2023-07-14 15:39:23', '', null, '菜单状态列表');
INSERT INTO `sys_dict_type` VALUES ('3', '系统开关', 'sys_normal_disable', '0', 'admin', '2023-07-14 15:39:23', '', null, '系统开关列表');
INSERT INTO `sys_dict_type` VALUES ('4', '任务状态', 'sys_job_status', '0', 'admin', '2023-07-14 15:39:23', '', null, '任务状态列表');
INSERT INTO `sys_dict_type` VALUES ('5', '任务分组', 'sys_job_group', '0', 'admin', '2023-07-14 15:39:23', '', null, '任务分组列表');
INSERT INTO `sys_dict_type` VALUES ('6', '系统是否', 'sys_yes_no', '0', 'admin', '2023-07-14 15:39:23', '', null, '系统是否列表');
INSERT INTO `sys_dict_type` VALUES ('7', '通知类型', 'sys_notice_type', '0', 'admin', '2023-07-14 15:39:23', '', null, '通知类型列表');
INSERT INTO `sys_dict_type` VALUES ('8', '通知状态', 'sys_notice_status', '0', 'admin', '2023-07-14 15:39:23', '', null, '通知状态列表');
INSERT INTO `sys_dict_type` VALUES ('9', '操作类型', 'sys_oper_type', '0', 'admin', '2023-07-14 15:39:23', '', null, '操作类型列表');
INSERT INTO `sys_dict_type` VALUES ('10', '系统状态', 'sys_common_status', '0', 'admin', '2023-07-14 15:39:23', '', null, '登录状态列表');

-- ----------------------------
-- Table structure for `sys_job`
-- ----------------------------
DROP TABLE IF EXISTS `sys_job`;
CREATE TABLE `sys_job` (
  `job_id` bigint NOT NULL AUTO_INCREMENT COMMENT '任务ID',
  `job_name` varchar(64) NOT NULL DEFAULT '' COMMENT '任务名称',
  `job_group` varchar(64) NOT NULL DEFAULT 'DEFAULT' COMMENT '任务组名',
  `invoke_target` varchar(500) NOT NULL COMMENT '调用目标字符串',
  `cron_expression` varchar(255) DEFAULT '' COMMENT 'cron执行表达式',
  `misfire_policy` varchar(20) DEFAULT '3' COMMENT '计划执行错误策略（1立即执行 2执行一次 3放弃执行）',
  `concurrent` char(1) DEFAULT '1' COMMENT '是否并发执行（0允许 1禁止）',
  `status` char(1) DEFAULT '0' COMMENT '状态（0正常 1暂停）',
  `create_by` varchar(64) DEFAULT '' COMMENT '创建者',
  `create_time` datetime DEFAULT NULL COMMENT '创建时间',
  `update_by` varchar(64) DEFAULT '' COMMENT '更新者',
  `update_time` datetime DEFAULT NULL COMMENT '更新时间',
  `remark` varchar(500) DEFAULT '' COMMENT '备注信息',
  PRIMARY KEY (`job_id`,`job_name`,`job_group`)
) ENGINE=InnoDB AUTO_INCREMENT=100 DEFAULT CHARSET=utf8mb4 COLLATE=utf8mb4_0900_ai_ci COMMENT='定时任务调度表';

-- ----------------------------
-- Records of sys_job
-- ----------------------------
INSERT INTO `sys_job` VALUES ('1', '系统默认（无参）', 'DEFAULT', 'ryTask.ryNoParams', '0/10 * * * * ?', '3', '1', '1', 'admin', '2023-07-14 15:39:23', '', null, '');
INSERT INTO `sys_job` VALUES ('2', '系统默认（有参）', 'DEFAULT', 'ryTask.ryParams(\'ry\')', '0/15 * * * * ?', '3', '1', '1', 'admin', '2023-07-14 15:39:23', '', null, '');
INSERT INTO `sys_job` VALUES ('3', '系统默认（多参）', 'DEFAULT', 'ryTask.ryMultipleParams(\'ry\', true, 2000L, 316.50D, 100)', '0/20 * * * * ?', '3', '1', '1', 'admin', '2023-07-14 15:39:23', '', null, '');

-- ----------------------------
-- Table structure for `sys_job_log`
-- ----------------------------
DROP TABLE IF EXISTS `sys_job_log`;
CREATE TABLE `sys_job_log` (
  `job_log_id` bigint NOT NULL AUTO_INCREMENT COMMENT '任务日志ID',
  `job_name` varchar(64) NOT NULL COMMENT '任务名称',
  `job_group` varchar(64) NOT NULL COMMENT '任务组名',
  `invoke_target` varchar(500) NOT NULL COMMENT '调用目标字符串',
  `job_message` varchar(500) DEFAULT NULL COMMENT '日志信息',
  `status` char(1) DEFAULT '0' COMMENT '执行状态（0正常 1失败）',
  `exception_info` varchar(2000) DEFAULT '' COMMENT '异常信息',
  `create_time` datetime DEFAULT NULL COMMENT '创建时间',
  PRIMARY KEY (`job_log_id`)
) ENGINE=InnoDB DEFAULT CHARSET=utf8mb4 COLLATE=utf8mb4_0900_ai_ci COMMENT='定时任务调度日志表';

-- ----------------------------
-- Records of sys_job_log
-- ----------------------------

-- ----------------------------
-- Table structure for `sys_logininfor`
-- ----------------------------
DROP TABLE IF EXISTS `sys_logininfor`;
CREATE TABLE `sys_logininfor` (
  `info_id` bigint NOT NULL AUTO_INCREMENT COMMENT '访问ID',
  `user_name` varchar(50) DEFAULT '' COMMENT '用户账号',
  `ipaddr` varchar(128) DEFAULT '' COMMENT '登录IP地址',
  `login_location` varchar(255) DEFAULT '' COMMENT '登录地点',
  `browser` varchar(50) DEFAULT '' COMMENT '浏览器类型',
  `os` varchar(50) DEFAULT '' COMMENT '操作系统',
  `status` char(1) DEFAULT '0' COMMENT '登录状态（0成功 1失败）',
  `msg` varchar(255) DEFAULT '' COMMENT '提示消息',
  `login_time` datetime DEFAULT NULL COMMENT '访问时间',
  PRIMARY KEY (`info_id`),
  KEY `idx_sys_logininfor_s` (`status`),
  KEY `idx_sys_logininfor_lt` (`login_time`)
) ENGINE=InnoDB AUTO_INCREMENT=293 DEFAULT CHARSET=utf8mb4 COLLATE=utf8mb4_0900_ai_ci COMMENT='系统访问记录';

-- ----------------------------
-- Records of sys_logininfor
-- ----------------------------



-- ----------------------------
-- Table structure for `sys_menu`
-- ----------------------------
DROP TABLE IF EXISTS `sys_menu`;
CREATE TABLE `sys_menu` (
  `menu_id` bigint NOT NULL AUTO_INCREMENT COMMENT '菜单ID',
  `menu_name` varchar(50) NOT NULL COMMENT '菜单名称',
  `parent_id` bigint DEFAULT '0' COMMENT '父菜单ID',
  `order_num` int DEFAULT '0' COMMENT '显示顺序',
  `path` varchar(200) DEFAULT '' COMMENT '路由地址',
  `component` varchar(255) DEFAULT NULL COMMENT '组件路径',
  `query` varchar(255) DEFAULT NULL COMMENT '路由参数',
  `is_frame` int DEFAULT '1' COMMENT '是否为外链（0是 1否）',
  `is_cache` int DEFAULT '0' COMMENT '是否缓存（0缓存 1不缓存）',
  `menu_type` char(1) DEFAULT '' COMMENT '菜单类型（M目录 C菜单 F按钮）',
  `visible` char(1) DEFAULT '0' COMMENT '菜单状态（0显示 1隐藏）',
  `status` char(1) DEFAULT '0' COMMENT '菜单状态（0正常 1停用）',
  `perms` varchar(100) DEFAULT NULL COMMENT '权限标识',
  `icon` varchar(100) DEFAULT '#' COMMENT '菜单图标',
  `create_by` varchar(64) DEFAULT '' COMMENT '创建者',
  `create_time` datetime DEFAULT NULL COMMENT '创建时间',
  `update_by` varchar(64) DEFAULT '' COMMENT '更新者',
  `update_time` datetime DEFAULT NULL COMMENT '更新时间',
  `remark` varchar(500) DEFAULT '' COMMENT '备注',
  PRIMARY KEY (`menu_id`)
) ENGINE=InnoDB AUTO_INCREMENT=2026 DEFAULT CHARSET=utf8mb4 COLLATE=utf8mb4_0900_ai_ci COMMENT='菜单权限表';

-- ----------------------------
-- Records of sys_menu
-- ----------------------------
INSERT INTO `sys_menu` VALUES ('1', '系统管理', '0', '1', 'system', null, '', '1', '0', 'M', '0', '0', '', 'system', 'admin', '2023-07-14 15:39:23', '', null, '系统管理目录');
INSERT INTO `sys_menu` VALUES ('2', '系统监控', '0', '2', 'monitor', null, '', '1', '0', 'M', '0', '0', '', 'monitor', 'admin', '2023-07-14 15:39:23', '', null, '系统监控目录');
INSERT INTO `sys_menu` VALUES ('3', '系统工具', '0', '3', 'tool', null, '', '1', '0', 'M', '0', '0', '', 'tool', 'admin', '2023-07-14 15:39:23', '', null, '系统工具目录');
INSERT INTO `sys_menu` VALUES ('100', '用户管理', '1', '1', 'user', 'system/user/index', '', '1', '0', 'C', '0', '0', 'system:user:list', 'user', 'admin', '2023-07-14 15:39:23', '', null, '用户管理菜单');
INSERT INTO `sys_menu` VALUES ('101', '角色管理', '1', '2', 'role', 'system/role/index', '', '1', '0', 'C', '0', '0', 'system:role:list', 'peoples', 'admin', '2023-07-14 15:39:23', '', null, '角色管理菜单');
INSERT INTO `sys_menu` VALUES ('102', '菜单管理', '1', '3', 'menu', 'system/menu/index', '', '1', '0', 'C', '0', '0', 'system:menu:list', 'tree-table', 'admin', '2023-07-14 15:39:23', '', null, '菜单管理菜单');
INSERT INTO `sys_menu` VALUES ('103', '部门管理', '1', '4', 'dept', 'system/dept/index', '', '1', '0', 'C', '0', '0', 'system:dept:list', 'tree', 'admin', '2023-07-14 15:39:23', '', null, '部门管理菜单');
INSERT INTO `sys_menu` VALUES ('104', '岗位管理', '1', '5', 'post', 'system/post/index', '', '1', '0', 'C', '0', '0', 'system:post:list', 'post', 'admin', '2023-07-14 15:39:23', '', null, '岗位管理菜单');
INSERT INTO `sys_menu` VALUES ('105', '字典管理', '1', '6', 'dict', 'system/dict/index', '', '1', '0', 'C', '0', '0', 'system:dict:list', 'dict', 'admin', '2023-07-14 15:39:23', '', null, '字典管理菜单');
INSERT INTO `sys_menu` VALUES ('106', '参数设置', '1', '7', 'config', 'system/config/index', '', '1', '0', 'C', '0', '0', 'system:config:list', 'edit', 'admin', '2023-07-14 15:39:23', '', null, '参数设置菜单');
INSERT INTO `sys_menu` VALUES ('107', '通知公告', '1', '8', 'notice', 'system/notice/index', '', '1', '0', 'C', '0', '0', 'system:notice:list', 'message', 'admin', '2023-07-14 15:39:23', '', null, '通知公告菜单');
INSERT INTO `sys_menu` VALUES ('108', '日志管理', '1', '9', 'log', '', '', '1', '0', 'M', '0', '0', '', 'log', 'admin', '2023-07-14 15:39:23', '', null, '日志管理菜单');
INSERT INTO `sys_menu` VALUES ('109', '在线用户', '2', '1', 'online', 'monitor/online/index', '', '1', '0', 'C', '0', '0', 'monitor:online:list', 'online', 'admin', '2023-07-14 15:39:23', '', null, '在线用户菜单');
INSERT INTO `sys_menu` VALUES ('110', '定时任务', '2', '2', 'job', 'monitor/job/index', '', '1', '0', 'C', '0', '0', 'monitor:job:list', 'job', 'admin', '2023-07-14 15:39:23', '', null, '定时任务菜单');
INSERT INTO `sys_menu` VALUES ('111', '数据监控', '2', '3', 'druid', 'monitor/druid/index', '', '1', '0', 'C', '0', '0', 'monitor:druid:list', 'druid', 'admin', '2023-07-14 15:39:23', '', null, '数据监控菜单');
INSERT INTO `sys_menu` VALUES ('112', '服务监控', '2', '4', 'server', 'monitor/server/index', '', '1', '0', 'C', '0', '0', 'monitor:server:list', 'server', 'admin', '2023-07-14 15:39:23', '', null, '服务监控菜单');
INSERT INTO `sys_menu` VALUES ('113', '缓存监控', '2', '5', 'cache', 'monitor/cache/index', '', '1', '0', 'C', '0', '0', 'monitor:cache:list', 'redis', 'admin', '2023-07-14 15:39:23', '', null, '缓存监控菜单');
INSERT INTO `sys_menu` VALUES ('114', '缓存列表', '2', '6', 'cacheList', 'monitor/cache/list', '', '1', '0', 'C', '0', '0', 'monitor:cache:list', 'redis-list', 'admin', '2023-07-14 15:39:23', '', null, '缓存列表菜单');
INSERT INTO `sys_menu` VALUES ('115', '表单构建', '3', '1', 'build', 'tool/build/index', '', '1', '0', 'C', '0', '0', 'tool:build:list', 'build', 'admin', '2023-07-14 15:39:23', '', null, '表单构建菜单');
INSERT INTO `sys_menu` VALUES ('116', '代码生成', '3', '2', 'gen', 'tool/gen/index', '', '1', '0', 'C', '0', '0', 'tool:gen:list', 'code', 'admin', '2023-07-14 15:39:23', '', null, '代码生成菜单');
INSERT INTO `sys_menu` VALUES ('117', '系统接口', '3', '3', 'swagger', 'tool/swagger/index', '', '1', '0', 'C', '0', '0', 'tool:swagger:list', 'swagger', 'admin', '2023-07-14 15:39:23', '', null, '系统接口菜单');
INSERT INTO `sys_menu` VALUES ('500', '操作日志', '108', '1', 'operlog', 'monitor/operlog/index', '', '1', '0', 'C', '0', '0', 'monitor:operlog:list', 'form', 'admin', '2023-07-14 15:39:23', '', null, '操作日志菜单');
INSERT INTO `sys_menu` VALUES ('501', '登录日志', '108', '2', 'logininfor', 'monitor/logininfor/index', '', '1', '0', 'C', '0', '0', 'monitor:logininfor:list', 'logininfor', 'admin', '2023-07-14 15:39:23', '', null, '登录日志菜单');
INSERT INTO `sys_menu` VALUES ('1000', '用户查询', '100', '1', '', '', '', '1', '0', 'F', '0', '0', 'system:user:query', '#', 'admin', '2023-07-14 15:39:23', '', null, '');
INSERT INTO `sys_menu` VALUES ('1001', '用户新增', '100', '2', '', '', '', '1', '0', 'F', '0', '0', 'system:user:add', '#', 'admin', '2023-07-14 15:39:23', '', null, '');
INSERT INTO `sys_menu` VALUES ('1002', '用户修改', '100', '3', '', '', '', '1', '0', 'F', '0', '0', 'system:user:edit', '#', 'admin', '2023-07-14 15:39:23', '', null, '');
INSERT INTO `sys_menu` VALUES ('1003', '用户删除', '100', '4', '', '', '', '1', '0', 'F', '0', '0', 'system:user:remove', '#', 'admin', '2023-07-14 15:39:23', '', null, '');
INSERT INTO `sys_menu` VALUES ('1004', '用户导出', '100', '5', '', '', '', '1', '0', 'F', '0', '0', 'system:user:export', '#', 'admin', '2023-07-14 15:39:23', '', null, '');
INSERT INTO `sys_menu` VALUES ('1005', '用户导入', '100', '6', '', '', '', '1', '0', 'F', '0', '0', 'system:user:import', '#', 'admin', '2023-07-14 15:39:23', '', null, '');
INSERT INTO `sys_menu` VALUES ('1006', '重置密码', '100', '7', '', '', '', '1', '0', 'F', '0', '0', 'system:user:resetPwd', '#', 'admin', '2023-07-14 15:39:23', '', null, '');
INSERT INTO `sys_menu` VALUES ('1007', '角色查询', '101', '1', '', '', '', '1', '0', 'F', '0', '0', 'system:role:query', '#', 'admin', '2023-07-14 15:39:23', '', null, '');
INSERT INTO `sys_menu` VALUES ('1008', '角色新增', '101', '2', '', '', '', '1', '0', 'F', '0', '0', 'system:role:add', '#', 'admin', '2023-07-14 15:39:23', '', null, '');
INSERT INTO `sys_menu` VALUES ('1009', '角色修改', '101', '3', '', '', '', '1', '0', 'F', '0', '0', 'system:role:edit', '#', 'admin', '2023-07-14 15:39:23', '', null, '');
INSERT INTO `sys_menu` VALUES ('1010', '角色删除', '101', '4', '', '', '', '1', '0', 'F', '0', '0', 'system:role:remove', '#', 'admin', '2023-07-14 15:39:23', '', null, '');
INSERT INTO `sys_menu` VALUES ('1011', '角色导出', '101', '5', '', '', '', '1', '0', 'F', '0', '0', 'system:role:export', '#', 'admin', '2023-07-14 15:39:23', '', null, '');
INSERT INTO `sys_menu` VALUES ('1012', '菜单查询', '102', '1', '', '', '', '1', '0', 'F', '0', '0', 'system:menu:query', '#', 'admin', '2023-07-14 15:39:23', '', null, '');
INSERT INTO `sys_menu` VALUES ('1013', '菜单新增', '102', '2', '', '', '', '1', '0', 'F', '0', '0', 'system:menu:add', '#', 'admin', '2023-07-14 15:39:23', '', null, '');
INSERT INTO `sys_menu` VALUES ('1014', '菜单修改', '102', '3', '', '', '', '1', '0', 'F', '0', '0', 'system:menu:edit', '#', 'admin', '2023-07-14 15:39:23', '', null, '');
INSERT INTO `sys_menu` VALUES ('1015', '菜单删除', '102', '4', '', '', '', '1', '0', 'F', '0', '0', 'system:menu:remove', '#', 'admin', '2023-07-14 15:39:23', '', null, '');
INSERT INTO `sys_menu` VALUES ('1016', '部门查询', '103', '1', '', '', '', '1', '0', 'F', '0', '0', 'system:dept:query', '#', 'admin', '2023-07-14 15:39:23', '', null, '');
INSERT INTO `sys_menu` VALUES ('1017', '部门新增', '103', '2', '', '', '', '1', '0', 'F', '0', '0', 'system:dept:add', '#', 'admin', '2023-07-14 15:39:23', '', null, '');
INSERT INTO `sys_menu` VALUES ('1018', '部门修改', '103', '3', '', '', '', '1', '0', 'F', '0', '0', 'system:dept:edit', '#', 'admin', '2023-07-14 15:39:23', '', null, '');
INSERT INTO `sys_menu` VALUES ('1019', '部门删除', '103', '4', '', '', '', '1', '0', 'F', '0', '0', 'system:dept:remove', '#', 'admin', '2023-07-14 15:39:23', '', null, '');
INSERT INTO `sys_menu` VALUES ('1020', '岗位查询', '104', '1', '', '', '', '1', '0', 'F', '0', '0', 'system:post:query', '#', 'admin', '2023-07-14 15:39:23', '', null, '');
INSERT INTO `sys_menu` VALUES ('1021', '岗位新增', '104', '2', '', '', '', '1', '0', 'F', '0', '0', 'system:post:add', '#', 'admin', '2023-07-14 15:39:23', '', null, '');
INSERT INTO `sys_menu` VALUES ('1022', '岗位修改', '104', '3', '', '', '', '1', '0', 'F', '0', '0', 'system:post:edit', '#', 'admin', '2023-07-14 15:39:23', '', null, '');
INSERT INTO `sys_menu` VALUES ('1023', '岗位删除', '104', '4', '', '', '', '1', '0', 'F', '0', '0', 'system:post:remove', '#', 'admin', '2023-07-14 15:39:23', '', null, '');
INSERT INTO `sys_menu` VALUES ('1024', '岗位导出', '104', '5', '', '', '', '1', '0', 'F', '0', '0', 'system:post:export', '#', 'admin', '2023-07-14 15:39:23', '', null, '');
INSERT INTO `sys_menu` VALUES ('1025', '字典查询', '105', '1', '#', '', '', '1', '0', 'F', '0', '0', 'system:dict:query', '#', 'admin', '2023-07-14 15:39:23', '', null, '');
INSERT INTO `sys_menu` VALUES ('1026', '字典新增', '105', '2', '#', '', '', '1', '0', 'F', '0', '0', 'system:dict:add', '#', 'admin', '2023-07-14 15:39:23', '', null, '');
INSERT INTO `sys_menu` VALUES ('1027', '字典修改', '105', '3', '#', '', '', '1', '0', 'F', '0', '0', 'system:dict:edit', '#', 'admin', '2023-07-14 15:39:23', '', null, '');
INSERT INTO `sys_menu` VALUES ('1028', '字典删除', '105', '4', '#', '', '', '1', '0', 'F', '0', '0', 'system:dict:remove', '#', 'admin', '2023-07-14 15:39:23', '', null, '');
INSERT INTO `sys_menu` VALUES ('1029', '字典导出', '105', '5', '#', '', '', '1', '0', 'F', '0', '0', 'system:dict:export', '#', 'admin', '2023-07-14 15:39:23', '', null, '');
INSERT INTO `sys_menu` VALUES ('1030', '参数查询', '106', '1', '#', '', '', '1', '0', 'F', '0', '0', 'system:config:query', '#', 'admin', '2023-07-14 15:39:23', '', null, '');
INSERT INTO `sys_menu` VALUES ('1031', '参数新增', '106', '2', '#', '', '', '1', '0', 'F', '0', '0', 'system:config:add', '#', 'admin', '2023-07-14 15:39:23', '', null, '');
INSERT INTO `sys_menu` VALUES ('1032', '参数修改', '106', '3', '#', '', '', '1', '0', 'F', '0', '0', 'system:config:edit', '#', 'admin', '2023-07-14 15:39:23', '', null, '');
INSERT INTO `sys_menu` VALUES ('1033', '参数删除', '106', '4', '#', '', '', '1', '0', 'F', '0', '0', 'system:config:remove', '#', 'admin', '2023-07-14 15:39:23', '', null, '');
INSERT INTO `sys_menu` VALUES ('1034', '参数导出', '106', '5', '#', '', '', '1', '0', 'F', '0', '0', 'system:config:export', '#', 'admin', '2023-07-14 15:39:23', '', null, '');
INSERT INTO `sys_menu` VALUES ('1035', '公告查询', '107', '1', '#', '', '', '1', '0', 'F', '0', '0', 'system:notice:query', '#', 'admin', '2023-07-14 15:39:23', '', null, '');
INSERT INTO `sys_menu` VALUES ('1036', '公告新增', '107', '2', '#', '', '', '1', '0', 'F', '0', '0', 'system:notice:add', '#', 'admin', '2023-07-14 15:39:23', '', null, '');
INSERT INTO `sys_menu` VALUES ('1037', '公告修改', '107', '3', '#', '', '', '1', '0', 'F', '0', '0', 'system:notice:edit', '#', 'admin', '2023-07-14 15:39:23', '', null, '');
INSERT INTO `sys_menu` VALUES ('1038', '公告删除', '107', '4', '#', '', '', '1', '0', 'F', '0', '0', 'system:notice:remove', '#', 'admin', '2023-07-14 15:39:23', '', null, '');
INSERT INTO `sys_menu` VALUES ('1039', '操作查询', '500', '1', '#', '', '', '1', '0', 'F', '0', '0', 'monitor:operlog:query', '#', 'admin', '2023-07-14 15:39:23', '', null, '');
INSERT INTO `sys_menu` VALUES ('1040', '操作删除', '500', '2', '#', '', '', '1', '0', 'F', '0', '0', 'monitor:operlog:remove', '#', 'admin', '2023-07-14 15:39:23', '', null, '');
INSERT INTO `sys_menu` VALUES ('1041', '日志导出', '500', '3', '#', '', '', '1', '0', 'F', '0', '0', 'monitor:operlog:export', '#', 'admin', '2023-07-14 15:39:23', '', null, '');
INSERT INTO `sys_menu` VALUES ('1042', '登录查询', '501', '1', '#', '', '', '1', '0', 'F', '0', '0', 'monitor:logininfor:query', '#', 'admin', '2023-07-14 15:39:23', '', null, '');
INSERT INTO `sys_menu` VALUES ('1043', '登录删除', '501', '2', '#', '', '', '1', '0', 'F', '0', '0', 'monitor:logininfor:remove', '#', 'admin', '2023-07-14 15:39:23', '', null, '');
INSERT INTO `sys_menu` VALUES ('1044', '日志导出', '501', '3', '#', '', '', '1', '0', 'F', '0', '0', 'monitor:logininfor:export', '#', 'admin', '2023-07-14 15:39:23', '', null, '');
INSERT INTO `sys_menu` VALUES ('1045', '账户解锁', '501', '4', '#', '', '', '1', '0', 'F', '0', '0', 'monitor:logininfor:unlock', '#', 'admin', '2023-07-14 15:39:23', '', null, '');
INSERT INTO `sys_menu` VALUES ('1046', '在线查询', '109', '1', '#', '', '', '1', '0', 'F', '0', '0', 'monitor:online:query', '#', 'admin', '2023-07-14 15:39:23', '', null, '');
INSERT INTO `sys_menu` VALUES ('1047', '批量强退', '109', '2', '#', '', '', '1', '0', 'F', '0', '0', 'monitor:online:batchLogout', '#', 'admin', '2023-07-14 15:39:23', '', null, '');
INSERT INTO `sys_menu` VALUES ('1048', '单条强退', '109', '3', '#', '', '', '1', '0', 'F', '0', '0', 'monitor:online:forceLogout', '#', 'admin', '2023-07-14 15:39:23', '', null, '');
INSERT INTO `sys_menu` VALUES ('1049', '任务查询', '110', '1', '#', '', '', '1', '0', 'F', '0', '0', 'monitor:job:query', '#', 'admin', '2023-07-14 15:39:23', '', null, '');
INSERT INTO `sys_menu` VALUES ('1050', '任务新增', '110', '2', '#', '', '', '1', '0', 'F', '0', '0', 'monitor:job:add', '#', 'admin', '2023-07-14 15:39:23', '', null, '');
INSERT INTO `sys_menu` VALUES ('1051', '任务修改', '110', '3', '#', '', '', '1', '0', 'F', '0', '0', 'monitor:job:edit', '#', 'admin', '2023-07-14 15:39:23', '', null, '');
INSERT INTO `sys_menu` VALUES ('1052', '任务删除', '110', '4', '#', '', '', '1', '0', 'F', '0', '0', 'monitor:job:remove', '#', 'admin', '2023-07-14 15:39:23', '', null, '');
INSERT INTO `sys_menu` VALUES ('1053', '状态修改', '110', '5', '#', '', '', '1', '0', 'F', '0', '0', 'monitor:job:changeStatus', '#', 'admin', '2023-07-14 15:39:23', '', null, '');
INSERT INTO `sys_menu` VALUES ('1054', '任务导出', '110', '6', '#', '', '', '1', '0', 'F', '0', '0', 'monitor:job:export', '#', 'admin', '2023-07-14 15:39:23', '', null, '');
INSERT INTO `sys_menu` VALUES ('1055', '生成查询', '116', '1', '#', '', '', '1', '0', 'F', '0', '0', 'tool:gen:query', '#', 'admin', '2023-07-14 15:39:23', '', null, '');
INSERT INTO `sys_menu` VALUES ('1056', '生成修改', '116', '2', '#', '', '', '1', '0', 'F', '0', '0', 'tool:gen:edit', '#', 'admin', '2023-07-14 15:39:23', '', null, '');
INSERT INTO `sys_menu` VALUES ('1057', '生成删除', '116', '3', '#', '', '', '1', '0', 'F', '0', '0', 'tool:gen:remove', '#', 'admin', '2023-07-14 15:39:23', '', null, '');
INSERT INTO `sys_menu` VALUES ('1058', '导入代码', '116', '4', '#', '', '', '1', '0', 'F', '0', '0', 'tool:gen:import', '#', 'admin', '2023-07-14 15:39:23', '', null, '');
INSERT INTO `sys_menu` VALUES ('1059', '预览代码', '116', '5', '#', '', '', '1', '0', 'F', '0', '0', 'tool:gen:preview', '#', 'admin', '2023-07-14 15:39:23', '', null, '');
INSERT INTO `sys_menu` VALUES ('1060', '生成代码', '116', '6', '#', '', '', '1', '0', 'F', '0', '0', 'tool:gen:code', '#', 'admin', '2023-07-14 15:39:23', '', null, '');
INSERT INTO `sys_menu` VALUES ('2000', '实验室功能', '0', '0', 'room-management', null, null, '1', '0', 'M', '0', '0', '', 'post', 'admin', '2023-07-14 16:14:43', 'admin', '2023-07-23 15:55:52', '');
INSERT INTO `sys_menu` VALUES ('2001', '实验室信息管理', '2000', '1', 'room', 'room-management/room/index', null, '1', '1', 'C', '0', '0', 'room-management:room:list', 'edit', 'admin', '2023-07-14 16:29:33', 'admin', '2023-07-26 17:42:59', '');
INSERT INTO `sys_menu` VALUES ('2003', '新增实验室', '2001', '0', '', null, null, '1', '0', 'F', '0', '0', 'room-management:room:add', '#', 'admin', '2023-07-16 00:44:14', '', null, '');
INSERT INTO `sys_menu` VALUES ('2004', '修改实验室', '2001', '1', '', null, null, '1', '0', 'F', '0', '0', 'room-management:room:edit', '#', 'admin', '2023-07-16 15:20:24', '', null, '');
INSERT INTO `sys_menu` VALUES ('2005', '查询实验室', '2001', '2', '', null, null, '1', '0', 'F', '0', '0', 'room-management:room:query', '#', 'admin', '2023-07-16 16:25:00', '', null, '');
INSERT INTO `sys_menu` VALUES ('2006', '删除实验室', '2001', '3', '', null, null, '1', '0', 'F', '0', '0', 'room-management:room:delete', '#', 'admin', '2023-07-17 10:25:20', '', null, '');
INSERT INTO `sys_menu` VALUES ('2007', '实验室预定', '2000', '2', 'booking', 'room-management/booking/index', null, '1', '1', 'C', '0', '0', 'room-management:booking:list', 'time-range', 'admin', '2023-07-17 14:14:42', 'admin', '2023-07-17 16:16:50', '');
INSERT INTO `sys_menu` VALUES ('2008', '查看实验室详细', '2007', '1', '', null, null, '1', '0', 'F', '0', '0', 'room-management:booking:query', '#', 'admin', '2023-07-17 17:01:07', '', null, '');
INSERT INTO `sys_menu` VALUES ('2009', '预定实验室权限', '2007', '2', '', null, null, '1', '0', 'F', '0', '0', 'room-management:booking:add', '#', 'admin', '2023-07-19 09:57:49', 'admin', '2023-07-19 09:57:57', '');
INSERT INTO `sys_menu` VALUES ('2010', '我的预约', '2000', '3', 'mybooking', 'room-management/mybooking/index', null, '1', '1', 'C', '0', '0', 'room-management:mybooking:list', 'star', 'admin', '2023-07-20 10:33:58', '', null, '');
INSERT INTO `sys_menu` VALUES ('2011', '查看我的预定', '2010', '1', '', null, null, '1', '0', 'F', '0', '0', 'room-management:mybooking:query', '#', 'admin', '2023-07-20 17:33:45', '', null, '');
INSERT INTO `sys_menu` VALUES ('2012', '修改预约', '2010', '2', '', null, null, '1', '0', 'F', '0', '0', 'room-management:mybooking:edit', '#', 'admin', '2023-07-21 09:05:21', '', null, '');
INSERT INTO `sys_menu` VALUES ('2013', '删除预约', '2010', '3', '', null, null, '1', '0', 'F', '0', '0', 'room-management:mybooking:delete', '#', 'admin', '2023-07-21 20:35:35', '', null, '');
INSERT INTO `sys_menu` VALUES ('2014', 'Excel导出', '2010', '4', '', null, null, '1', '0', 'F', '0', '0', 'room-management:mybooking:exportExcel', '#', 'admin', '2023-07-23 14:01:21', '', null, '');
INSERT INTO `sys_menu` VALUES ('2015', '预约记录', '2000', '4', 'aboutme', 'room-management/aboutme/index', null, '1', '1', 'C', '0', '0', 'room-management:aboutme:list', 'rate', 'admin', '2023-07-23 14:53:24', 'admin', '2023-07-23 14:55:23', '');
INSERT INTO `sys_menu` VALUES ('2016', '查看预约详情', '2015', '1', '', null, null, '1', '0', 'F', '0', '0', 'room-management:aboutme:query', '#', 'admin', '2023-07-24 16:41:26', '', null, '');
INSERT INTO `sys_menu` VALUES ('2017', '实验室报修', '2022', '5', 'repair', 'room-management/repair/index', null, '1', '1', 'C', '0', '0', 'room-management:repair:list', 'log', 'admin', '2023-07-24 17:12:52', 'admin', '2023-07-25 17:48:30', '');
INSERT INTO `sys_menu` VALUES ('2018', '分配实验室管理员', '2001', '4', '', null, null, '1', '0', 'F', '0', '0', 'room-management:room:assignment', '#', 'admin', '2023-07-24 17:40:13', '', null, '');
INSERT INTO `sys_menu` VALUES ('2019', '添加报修', '2017', '1', '', null, null, '1', '0', 'F', '0', '0', 'room-management:repair:add', '#', 'admin', '2023-07-25 15:24:57', '', null, '');
INSERT INTO `sys_menu` VALUES ('2020', '我的报修', '2022', '6', 'myrepair', 'room-management/myrepair/index', null, '1', '1', 'C', '0', '0', 'room-management:myrepair:list', 'people', 'admin', '2023-07-25 15:48:16', 'admin', '2023-07-25 17:48:43', '');
INSERT INTO `sys_menu` VALUES ('2021', '我的报修导出Excel', '2020', '1', '', null, null, '1', '0', 'F', '0', '0', 'room-management:myrepair:exportExcel', '#', 'admin', '2023-07-25 17:37:42', '', null, '');
INSERT INTO `sys_menu` VALUES ('2022', '实验室维修', '2000', '5', 'roomrepairs', null, null, '1', '0', 'M', '0', '0', null, 'list', 'admin', '2023-07-25 17:48:09', '', null, '');
INSERT INTO `sys_menu` VALUES ('2023', '管理维修', '2022', '7', 'manage-repair', 'room-management/manage-repair/index', null, '1', '1', 'C', '0', '0', 'room-management:managerepair:list', 'peoples', 'admin', '2023-07-25 17:53:08', 'admin', '2023-07-26 09:02:50', '');
INSERT INTO `sys_menu` VALUES ('2024', '导出Excel', '2023', '1', '', null, null, '1', '0', 'F', '0', '0', 'room-management:managerepair:exportExcel', '#', 'admin', '2023-07-26 11:56:12', '', null, '');
INSERT INTO `sys_menu` VALUES ('2025', '更新维修状态', '2023', '2', '', null, null, '1', '0', 'F', '0', '0', 'room-management:managerepair:edit', '#', 'admin', '2023-07-26 14:03:07', '', null, '');

-- ----------------------------
-- Table structure for `sys_notice`
-- ----------------------------
DROP TABLE IF EXISTS `sys_notice`;
CREATE TABLE `sys_notice` (
  `notice_id` int NOT NULL AUTO_INCREMENT COMMENT '公告ID',
  `notice_title` varchar(50) NOT NULL COMMENT '公告标题',
  `notice_type` char(1) NOT NULL COMMENT '公告类型（1通知 2公告）',
  `notice_content` longblob COMMENT '公告内容',
  `status` char(1) DEFAULT '0' COMMENT '公告状态（0正常 1关闭）',
  `create_by` varchar(64) DEFAULT '' COMMENT '创建者',
  `create_time` datetime DEFAULT NULL COMMENT '创建时间',
  `update_by` varchar(64) DEFAULT '' COMMENT '更新者',
  `update_time` datetime DEFAULT NULL COMMENT '更新时间',
  `remark` varchar(255) DEFAULT NULL COMMENT '备注',
  PRIMARY KEY (`notice_id`)
) ENGINE=InnoDB AUTO_INCREMENT=10 DEFAULT CHARSET=utf8mb4 COLLATE=utf8mb4_0900_ai_ci COMMENT='通知公告表';

-- ----------------------------
-- Records of sys_notice
-- ----------------------------
INSERT INTO `sys_notice` VALUES ('1', '温馨提醒：2018-07-01 若依新版本发布啦', '2', 0xE696B0E78988E69CACE58685E5AEB9, '0', 'admin', '2023-07-14 15:39:23', '', null, '管理员');
INSERT INTO `sys_notice` VALUES ('2', '维护通知：2018-07-01 若依系统凌晨维护', '1', 0xE7BBB4E68AA4E58685E5AEB9, '0', 'admin', '2023-07-14 15:39:23', '', null, '管理员');

-- ----------------------------
-- Table structure for `sys_oper_log`
-- ----------------------------
DROP TABLE IF EXISTS `sys_oper_log`;
CREATE TABLE `sys_oper_log` (
  `oper_id` bigint NOT NULL AUTO_INCREMENT COMMENT '日志主键',
  `title` varchar(50) DEFAULT '' COMMENT '模块标题',
  `business_type` int DEFAULT '0' COMMENT '业务类型（0其它 1新增 2修改 3删除）',
  `method` varchar(100) DEFAULT '' COMMENT '方法名称',
  `request_method` varchar(10) DEFAULT '' COMMENT '请求方式',
  `operator_type` int DEFAULT '0' COMMENT '操作类别（0其它 1后台用户 2手机端用户）',
  `oper_name` varchar(50) DEFAULT '' COMMENT '操作人员',
  `dept_name` varchar(50) DEFAULT '' COMMENT '部门名称',
  `oper_url` varchar(255) DEFAULT '' COMMENT '请求URL',
  `oper_ip` varchar(128) DEFAULT '' COMMENT '主机地址',
  `oper_location` varchar(255) DEFAULT '' COMMENT '操作地点',
  `oper_param` varchar(2000) DEFAULT '' COMMENT '请求参数',
  `json_result` varchar(2000) DEFAULT '' COMMENT '返回参数',
  `status` int DEFAULT '0' COMMENT '操作状态（0正常 1异常）',
  `error_msg` varchar(2000) DEFAULT '' COMMENT '错误消息',
  `oper_time` datetime DEFAULT NULL COMMENT '操作时间',
  `cost_time` bigint DEFAULT '0' COMMENT '消耗时间',
  PRIMARY KEY (`oper_id`),
  KEY `idx_sys_oper_log_bt` (`business_type`),
  KEY `idx_sys_oper_log_s` (`status`),
  KEY `idx_sys_oper_log_ot` (`oper_time`)
) ENGINE=InnoDB AUTO_INCREMENT=437 DEFAULT CHARSET=utf8mb4 COLLATE=utf8mb4_0900_ai_ci COMMENT='操作日志记录';

-- ----------------------------
-- Records of sys_oper_log
-- ----------------------------


-- ----------------------------
-- Table structure for `sys_post`
-- ----------------------------
DROP TABLE IF EXISTS `sys_post`;
CREATE TABLE `sys_post` (
  `post_id` bigint NOT NULL AUTO_INCREMENT COMMENT '岗位ID',
  `post_code` varchar(64) NOT NULL COMMENT '岗位编码',
  `post_name` varchar(50) NOT NULL COMMENT '岗位名称',
  `post_sort` int NOT NULL COMMENT '显示顺序',
  `status` char(1) NOT NULL COMMENT '状态（0正常 1停用）',
  `create_by` varchar(64) DEFAULT '' COMMENT '创建者',
  `create_time` datetime DEFAULT NULL COMMENT '创建时间',
  `update_by` varchar(64) DEFAULT '' COMMENT '更新者',
  `update_time` datetime DEFAULT NULL COMMENT '更新时间',
  `remark` varchar(500) DEFAULT NULL COMMENT '备注',
  PRIMARY KEY (`post_id`)
) ENGINE=InnoDB AUTO_INCREMENT=5 DEFAULT CHARSET=utf8mb4 COLLATE=utf8mb4_0900_ai_ci COMMENT='岗位信息表';

-- ----------------------------
-- Records of sys_post
-- ----------------------------
INSERT INTO `sys_post` VALUES ('1', 'ceo', '董事长', '1', '0', 'admin', '2023-07-14 15:39:23', '', null, '');
INSERT INTO `sys_post` VALUES ('2', 'se', '项目经理', '2', '0', 'admin', '2023-07-14 15:39:23', '', null, '');
INSERT INTO `sys_post` VALUES ('3', 'hr', '人力资源', '3', '0', 'admin', '2023-07-14 15:39:23', '', null, '');
INSERT INTO `sys_post` VALUES ('4', 'user', '普通员工', '4', '0', 'admin', '2023-07-14 15:39:23', '', null, '');

-- ----------------------------
-- Table structure for `sys_role`
-- ----------------------------
DROP TABLE IF EXISTS `sys_role`;
CREATE TABLE `sys_role` (
  `role_id` bigint NOT NULL AUTO_INCREMENT COMMENT '角色ID',
  `role_name` varchar(30) NOT NULL COMMENT '角色名称',
  `role_key` varchar(100) NOT NULL COMMENT '角色权限字符串',
  `role_sort` int NOT NULL COMMENT '显示顺序',
  `data_scope` char(1) DEFAULT '1' COMMENT '数据范围（1：全部数据权限 2：自定数据权限 3：本部门数据权限 4：本部门及以下数据权限）',
  `menu_check_strictly` tinyint(1) DEFAULT '1' COMMENT '菜单树选择项是否关联显示',
  `dept_check_strictly` tinyint(1) DEFAULT '1' COMMENT '部门树选择项是否关联显示',
  `status` char(1) NOT NULL COMMENT '角色状态（0正常 1停用）',
  `del_flag` char(1) DEFAULT '0' COMMENT '删除标志（0代表存在 2代表删除）',
  `create_by` varchar(64) DEFAULT '' COMMENT '创建者',
  `create_time` datetime DEFAULT NULL COMMENT '创建时间',
  `update_by` varchar(64) DEFAULT '' COMMENT '更新者',
  `update_time` datetime DEFAULT NULL COMMENT '更新时间',
  `remark` varchar(500) DEFAULT NULL COMMENT '备注',
  PRIMARY KEY (`role_id`)
) ENGINE=InnoDB AUTO_INCREMENT=105 DEFAULT CHARSET=utf8mb4 COLLATE=utf8mb4_0900_ai_ci COMMENT='角色信息表';

-- ----------------------------
-- Records of sys_role
-- ----------------------------
INSERT INTO `sys_role` VALUES ('1', '超级管理员', 'admin', '1', '1', '1', '1', '0', '0', 'admin', '2023-07-14 15:39:23', '', null, '超级管理员');
INSERT INTO `sys_role` VALUES ('2', '普通角色', 'common', '2', '2', '1', '1', '0', '0', 'admin', '2023-07-14 15:39:23', 'admin', '2023-07-24 11:36:45', '普通角色');
INSERT INTO `sys_role` VALUES ('100', '角色管理员', 'roleManagement', '1', '1', '1', '1', '0', '0', 'admin', '2023-07-16 15:10:06', 'admin', '2023-07-16 15:11:42', '测试');
INSERT INTO `sys_role` VALUES ('101', '预定角色', 'booking', '3', '1', '1', '1', '0', '2', 'admin', '2023-07-20 15:36:27', '', null, '预定角色');
INSERT INTO `sys_role` VALUES ('102', '实验室信息所有权限', 'meeting', '4', '1', '1', '1', '0', '0', 'admin', '2023-07-27 15:11:04', '', null, '实验室信息所有权限');
INSERT INTO `sys_role` VALUES ('103', '实验室预约', 'booking', '5', '1', '1', '1', '0', '0', 'admin', '2023-07-27 15:11:59', 'admin', '2023-07-27 15:13:13', null);
INSERT INTO `sys_role` VALUES ('104', '实验室维修', 'repair', '0', '1', '1', '1', '0', '0', 'admin', '2023-07-27 15:12:35', 'admin', '2023-07-27 15:18:50', null);

-- ----------------------------
-- Table structure for `sys_role_dept`
-- ----------------------------
DROP TABLE IF EXISTS `sys_role_dept`;
CREATE TABLE `sys_role_dept` (
  `role_id` bigint NOT NULL COMMENT '角色ID',
  `dept_id` bigint NOT NULL COMMENT '部门ID',
  PRIMARY KEY (`role_id`,`dept_id`)
) ENGINE=InnoDB DEFAULT CHARSET=utf8mb4 COLLATE=utf8mb4_0900_ai_ci COMMENT='角色和部门关联表';

-- ----------------------------
-- Records of sys_role_dept
-- ----------------------------
INSERT INTO `sys_role_dept` VALUES ('2', '100');
INSERT INTO `sys_role_dept` VALUES ('2', '101');
INSERT INTO `sys_role_dept` VALUES ('2', '105');

-- ----------------------------
-- Table structure for `sys_role_menu`
-- ----------------------------
DROP TABLE IF EXISTS `sys_role_menu`;
CREATE TABLE `sys_role_menu` (
  `role_id` bigint NOT NULL COMMENT '角色ID',
  `menu_id` bigint NOT NULL COMMENT '菜单ID',
  PRIMARY KEY (`role_id`,`menu_id`)
) ENGINE=InnoDB DEFAULT CHARSET=utf8mb4 COLLATE=utf8mb4_0900_ai_ci COMMENT='角色和菜单关联表';

-- ----------------------------
-- Records of sys_role_menu
-- ----------------------------
INSERT INTO `sys_role_menu` VALUES ('2', '1');
INSERT INTO `sys_role_menu` VALUES ('2', '2');
INSERT INTO `sys_role_menu` VALUES ('2', '3');
INSERT INTO `sys_role_menu` VALUES ('2', '100');
INSERT INTO `sys_role_menu` VALUES ('2', '102');
INSERT INTO `sys_role_menu` VALUES ('2', '103');
INSERT INTO `sys_role_menu` VALUES ('2', '104');
INSERT INTO `sys_role_menu` VALUES ('2', '105');
INSERT INTO `sys_role_menu` VALUES ('2', '106');
INSERT INTO `sys_role_menu` VALUES ('2', '108');
INSERT INTO `sys_role_menu` VALUES ('2', '109');
INSERT INTO `sys_role_menu` VALUES ('2', '110');
INSERT INTO `sys_role_menu` VALUES ('2', '111');
INSERT INTO `sys_role_menu` VALUES ('2', '112');
INSERT INTO `sys_role_menu` VALUES ('2', '113');
INSERT INTO `sys_role_menu` VALUES ('2', '114');
INSERT INTO `sys_role_menu` VALUES ('2', '115');
INSERT INTO `sys_role_menu` VALUES ('2', '116');
INSERT INTO `sys_role_menu` VALUES ('2', '117');
INSERT INTO `sys_role_menu` VALUES ('2', '500');
INSERT INTO `sys_role_menu` VALUES ('2', '501');
INSERT INTO `sys_role_menu` VALUES ('2', '1000');
INSERT INTO `sys_role_menu` VALUES ('2', '1001');
INSERT INTO `sys_role_menu` VALUES ('2', '1002');
INSERT INTO `sys_role_menu` VALUES ('2', '1003');
INSERT INTO `sys_role_menu` VALUES ('2', '1004');
INSERT INTO `sys_role_menu` VALUES ('2', '1005');
INSERT INTO `sys_role_menu` VALUES ('2', '1006');
INSERT INTO `sys_role_menu` VALUES ('2', '1012');
INSERT INTO `sys_role_menu` VALUES ('2', '1013');
INSERT INTO `sys_role_menu` VALUES ('2', '1014');
INSERT INTO `sys_role_menu` VALUES ('2', '1015');
INSERT INTO `sys_role_menu` VALUES ('2', '1016');
INSERT INTO `sys_role_menu` VALUES ('2', '1017');
INSERT INTO `sys_role_menu` VALUES ('2', '1018');
INSERT INTO `sys_role_menu` VALUES ('2', '1019');
INSERT INTO `sys_role_menu` VALUES ('2', '1020');
INSERT INTO `sys_role_menu` VALUES ('2', '1021');
INSERT INTO `sys_role_menu` VALUES ('2', '1022');
INSERT INTO `sys_role_menu` VALUES ('2', '1023');
INSERT INTO `sys_role_menu` VALUES ('2', '1024');
INSERT INTO `sys_role_menu` VALUES ('2', '1025');
INSERT INTO `sys_role_menu` VALUES ('2', '1026');
INSERT INTO `sys_role_menu` VALUES ('2', '1027');
INSERT INTO `sys_role_menu` VALUES ('2', '1028');
INSERT INTO `sys_role_menu` VALUES ('2', '1029');
INSERT INTO `sys_role_menu` VALUES ('2', '1030');
INSERT INTO `sys_role_menu` VALUES ('2', '1031');
INSERT INTO `sys_role_menu` VALUES ('2', '1032');
INSERT INTO `sys_role_menu` VALUES ('2', '1033');
INSERT INTO `sys_role_menu` VALUES ('2', '1034');
INSERT INTO `sys_role_menu` VALUES ('2', '1039');
INSERT INTO `sys_role_menu` VALUES ('2', '1040');
INSERT INTO `sys_role_menu` VALUES ('2', '1041');
INSERT INTO `sys_role_menu` VALUES ('2', '1042');
INSERT INTO `sys_role_menu` VALUES ('2', '1043');
INSERT INTO `sys_role_menu` VALUES ('2', '1044');
INSERT INTO `sys_role_menu` VALUES ('2', '1045');
INSERT INTO `sys_role_menu` VALUES ('2', '1046');
INSERT INTO `sys_role_menu` VALUES ('2', '1047');
INSERT INTO `sys_role_menu` VALUES ('2', '1048');
INSERT INTO `sys_role_menu` VALUES ('2', '1049');
INSERT INTO `sys_role_menu` VALUES ('2', '1050');
INSERT INTO `sys_role_menu` VALUES ('2', '1051');
INSERT INTO `sys_role_menu` VALUES ('2', '1052');
INSERT INTO `sys_role_menu` VALUES ('2', '1053');
INSERT INTO `sys_role_menu` VALUES ('2', '1054');
INSERT INTO `sys_role_menu` VALUES ('2', '1055');
INSERT INTO `sys_role_menu` VALUES ('2', '1056');
INSERT INTO `sys_role_menu` VALUES ('2', '1057');
INSERT INTO `sys_role_menu` VALUES ('2', '1058');
INSERT INTO `sys_role_menu` VALUES ('2', '1059');
INSERT INTO `sys_role_menu` VALUES ('2', '1060');
INSERT INTO `sys_role_menu` VALUES ('2', '2000');
INSERT INTO `sys_role_menu` VALUES ('2', '2001');
INSERT INTO `sys_role_menu` VALUES ('2', '2003');
INSERT INTO `sys_role_menu` VALUES ('2', '2004');
INSERT INTO `sys_role_menu` VALUES ('2', '2005');
INSERT INTO `sys_role_menu` VALUES ('2', '2006');
INSERT INTO `sys_role_menu` VALUES ('2', '2007');
INSERT INTO `sys_role_menu` VALUES ('2', '2008');
INSERT INTO `sys_role_menu` VALUES ('2', '2009');
INSERT INTO `sys_role_menu` VALUES ('2', '2010');
INSERT INTO `sys_role_menu` VALUES ('2', '2011');
INSERT INTO `sys_role_menu` VALUES ('2', '2012');
INSERT INTO `sys_role_menu` VALUES ('2', '2013');
INSERT INTO `sys_role_menu` VALUES ('2', '2014');
INSERT INTO `sys_role_menu` VALUES ('2', '2015');
INSERT INTO `sys_role_menu` VALUES ('100', '1');
INSERT INTO `sys_role_menu` VALUES ('100', '101');
INSERT INTO `sys_role_menu` VALUES ('100', '1007');
INSERT INTO `sys_role_menu` VALUES ('100', '1008');
INSERT INTO `sys_role_menu` VALUES ('100', '1009');
INSERT INTO `sys_role_menu` VALUES ('100', '1010');
INSERT INTO `sys_role_menu` VALUES ('100', '1011');
INSERT INTO `sys_role_menu` VALUES ('102', '2000');
INSERT INTO `sys_role_menu` VALUES ('102', '2001');
INSERT INTO `sys_role_menu` VALUES ('102', '2003');
INSERT INTO `sys_role_menu` VALUES ('102', '2004');
INSERT INTO `sys_role_menu` VALUES ('102', '2005');
INSERT INTO `sys_role_menu` VALUES ('102', '2006');
INSERT INTO `sys_role_menu` VALUES ('102', '2007');
INSERT INTO `sys_role_menu` VALUES ('102', '2008');
INSERT INTO `sys_role_menu` VALUES ('102', '2009');
INSERT INTO `sys_role_menu` VALUES ('102', '2010');
INSERT INTO `sys_role_menu` VALUES ('102', '2011');
INSERT INTO `sys_role_menu` VALUES ('102', '2012');
INSERT INTO `sys_role_menu` VALUES ('102', '2013');
INSERT INTO `sys_role_menu` VALUES ('102', '2014');
INSERT INTO `sys_role_menu` VALUES ('102', '2015');
INSERT INTO `sys_role_menu` VALUES ('102', '2016');
INSERT INTO `sys_role_menu` VALUES ('102', '2017');
INSERT INTO `sys_role_menu` VALUES ('102', '2018');
INSERT INTO `sys_role_menu` VALUES ('102', '2019');
INSERT INTO `sys_role_menu` VALUES ('102', '2020');
INSERT INTO `sys_role_menu` VALUES ('102', '2021');
INSERT INTO `sys_role_menu` VALUES ('102', '2022');
INSERT INTO `sys_role_menu` VALUES ('102', '2023');
INSERT INTO `sys_role_menu` VALUES ('102', '2024');
INSERT INTO `sys_role_menu` VALUES ('102', '2025');
INSERT INTO `sys_role_menu` VALUES ('103', '2000');
INSERT INTO `sys_role_menu` VALUES ('103', '2007');
INSERT INTO `sys_role_menu` VALUES ('103', '2008');
INSERT INTO `sys_role_menu` VALUES ('103', '2009');
INSERT INTO `sys_role_menu` VALUES ('103', '2010');
INSERT INTO `sys_role_menu` VALUES ('103', '2011');
INSERT INTO `sys_role_menu` VALUES ('103', '2012');
INSERT INTO `sys_role_menu` VALUES ('103', '2013');
INSERT INTO `sys_role_menu` VALUES ('103', '2014');
INSERT INTO `sys_role_menu` VALUES ('103', '2015');
INSERT INTO `sys_role_menu` VALUES ('103', '2016');
INSERT INTO `sys_role_menu` VALUES ('103', '2017');
INSERT INTO `sys_role_menu` VALUES ('103', '2019');
INSERT INTO `sys_role_menu` VALUES ('103', '2020');
INSERT INTO `sys_role_menu` VALUES ('103', '2021');
INSERT INTO `sys_role_menu` VALUES ('103', '2022');
INSERT INTO `sys_role_menu` VALUES ('104', '2000');
INSERT INTO `sys_role_menu` VALUES ('104', '2015');
INSERT INTO `sys_role_menu` VALUES ('104', '2016');
INSERT INTO `sys_role_menu` VALUES ('104', '2017');
INSERT INTO `sys_role_menu` VALUES ('104', '2019');
INSERT INTO `sys_role_menu` VALUES ('104', '2020');
INSERT INTO `sys_role_menu` VALUES ('104', '2021');
INSERT INTO `sys_role_menu` VALUES ('104', '2022');
INSERT INTO `sys_role_menu` VALUES ('104', '2023');
INSERT INTO `sys_role_menu` VALUES ('104', '2024');
INSERT INTO `sys_role_menu` VALUES ('104', '2025');

-- ----------------------------
-- Table structure for `sys_user`
-- ----------------------------
DROP TABLE IF EXISTS `sys_user`;
CREATE TABLE `sys_user` (
  `user_id` bigint NOT NULL AUTO_INCREMENT COMMENT '用户ID',
  `dept_id` bigint DEFAULT NULL COMMENT '部门ID',
  `user_name` varchar(30) NOT NULL COMMENT '用户账号',
  `nick_name` varchar(30) NOT NULL COMMENT '用户昵称',
  `user_type` varchar(2) DEFAULT '00' COMMENT '用户类型（00系统用户）',
  `email` varchar(50) DEFAULT '' COMMENT '用户邮箱',
  `phonenumber` varchar(11) DEFAULT '' COMMENT '手机号码',
  `sex` char(1) DEFAULT '0' COMMENT '用户性别（0男 1女 2未知）',
  `avatar` varchar(100) DEFAULT '' COMMENT '头像地址',
  `password` varchar(100) DEFAULT '' COMMENT '密码',
  `status` char(1) DEFAULT '0' COMMENT '帐号状态（0正常 1停用）',
  `del_flag` char(1) DEFAULT '0' COMMENT '删除标志（0代表存在 2代表删除）',
  `login_ip` varchar(128) DEFAULT '' COMMENT '最后登录IP',
  `login_date` datetime DEFAULT NULL COMMENT '最后登录时间',
  `create_by` varchar(64) DEFAULT '' COMMENT '创建者',
  `create_time` datetime DEFAULT NULL COMMENT '创建时间',
  `update_by` varchar(64) DEFAULT '' COMMENT '更新者',
  `update_time` datetime DEFAULT NULL COMMENT '更新时间',
  `remark` varchar(500) DEFAULT NULL COMMENT '备注',
  PRIMARY KEY (`user_id`)
) ENGINE=InnoDB AUTO_INCREMENT=104 DEFAULT CHARSET=utf8mb4 COLLATE=utf8mb4_0900_ai_ci COMMENT='用户信息表';

-- ----------------------------
-- Records of sys_user
-- ----------------------------
INSERT INTO `sys_user` VALUES ('1', '103', 'admin', '若依', '00', 'ry@163.com', '15888888888', '1', '/profile/avatar/2023/07/16/blob_20230716001929A044.png', '$2a$10$7JB720yubVSZvUI0rEqK/.VqGOZTH.ulu33dHOiBE8ByOhJIrdAu2', '0', '0', '127.0.0.1', '2023-07-28 18:12:27', 'admin', '2023-07-14 15:39:23', '', '2023-07-28 18:12:26', '管理员');
INSERT INTO `sys_user` VALUES ('2', '105', 'ry', '若依', '00', 'ry@qq.com', '15666666666', '1', '', '$2a$10$L5cu.zbBH.pZzhM9e2e/NOEH6tZkucuWVLez/GlAcULa2dFFV5IlW', '0', '0', '127.0.0.1', '2023-07-16 15:13:34', 'admin', '2023-07-14 15:39:23', 'admin', '2023-07-21 11:33:20', '测试员');
INSERT INTO `sys_user` VALUES ('100', '109', 'chill', 'chill', '00', '123@qq.com', '13456789001', '2', '', '$2a$10$tfrHIjogedmJB9Y75HcvpOQaIFr/lP7cYEiZlWVewWTC5u/Mt..Ny', '0', '0', '127.0.0.1', '2023-07-16 15:06:28', 'admin', '2023-07-15 17:10:22', '', '2023-07-16 15:06:27', '普通员工');
INSERT INTO `sys_user` VALUES ('101', '104', 'zhangsan', '张三', '00', '1323@qq.com', '13456789002', '0', '', '$2a$10$AjNH28sVK/NJH2KSTFxNLujOnVYKnMhij/QTk/N4l.NY3Pnjnupo2', '0', '0', '127.0.0.1', '2023-07-27 15:30:29', 'admin', '2023-07-19 11:15:03', 'admin', '2023-07-27 15:30:29', null);
INSERT INTO `sys_user` VALUES ('102', '104', 'zhangsanyi', '张三一', '00', '1234@qq.com', '13456789003', '0', '', '$2a$10$AjNH28sVK/NJH2KSTFxNLujOnVYKnMhij/QTk/N4l.NY3Pnjnupo2', '0', '0', '127.0.0.1', '2023-07-27 15:19:24', 'admin', null, '', '2023-07-27 15:19:24', null);
INSERT INTO `sys_user` VALUES ('103', '104', 'zhangsaner', '张三二', '00', '12345@qq.com', '13456789004', '0', '', '$2a$10$AjNH28sVK/NJH2KSTFxNLujOnVYKnMhij/QTk/N4l.NY3Pnjnupo2', '0', '0', '127.0.0.1', '2023-07-27 15:29:18', 'admin', null, 'admin', '2023-07-27 15:29:17', null);
INSERT INTO `sys_user` VALUES ('104', '103', 'teacher123', '教师', '00', 'teacher123@qq.com', '13456789005', '0', '', '$2a$10$AjNH28sVK/NJH2KSTFxNLujOnVYKnMhij/QTk/N4l.NY3Pnjnupo2', '0', '0', '', null, 'admin', NOW(), '', null, '教师账号');

-- ----------------------------
-- Table structure for `sys_user_post`
-- ----------------------------
DROP TABLE IF EXISTS `sys_user_post`;
CREATE TABLE `sys_user_post` (
  `user_id` bigint NOT NULL COMMENT '用户ID',
  `post_id` bigint NOT NULL COMMENT '岗位ID',
  PRIMARY KEY (`user_id`,`post_id`)
) ENGINE=InnoDB DEFAULT CHARSET=utf8mb4 COLLATE=utf8mb4_0900_ai_ci COMMENT='用户与岗位关联表';

-- ----------------------------
-- Records of sys_user_post
-- ----------------------------
INSERT INTO `sys_user_post` VALUES ('1', '1');
INSERT INTO `sys_user_post` VALUES ('2', '2');
INSERT INTO `sys_user_post` VALUES ('100', '4');
INSERT INTO `sys_user_post` VALUES ('101', '4');
INSERT INTO `sys_user_post` VALUES ('103', '4');
INSERT INTO `sys_user_post` VALUES ('104', '6');

-- ----------------------------
-- Table structure for `sys_user_role`
-- ----------------------------
DROP TABLE IF EXISTS `sys_user_role`;
CREATE TABLE `sys_user_role` (
  `user_id` bigint NOT NULL COMMENT '用户ID',
  `role_id` bigint NOT NULL COMMENT '角色ID',
  PRIMARY KEY (`user_id`,`role_id`)
) ENGINE=InnoDB DEFAULT CHARSET=utf8mb4 COLLATE=utf8mb4_0900_ai_ci COMMENT='用户和角色关联表';

-- ----------------------------
-- Records of sys_user_role
-- ----------------------------
INSERT INTO `sys_user_role` VALUES ('1', '1');
INSERT INTO `sys_user_role` VALUES ('2', '100');
INSERT INTO `sys_user_role` VALUES ('100', '2');
INSERT INTO `sys_user_role` VALUES ('101', '102');
INSERT INTO `sys_user_role` VALUES ('102', '103');
INSERT INTO `sys_user_role` VALUES ('103', '104');
INSERT INTO `sys_user_role` VALUES ('104', '201');
